delay,freq,condition,thisN,thisTrialN,thisRepN,key_resp.keys,key_resp.rt,key_resp.duration,textbox.text,button.numClicks,button.timesOn,button.timesOff,trials.thisRepN,trials.thisTrialN,trials.thisN,trials.thisIndex,thisRow.t,notes,trial.started,fixation.started,fixation2.started,key_resp.started,fixation.stopped,trial.stopped,trials.key_resp.keys,trials.key_resp.rt,trials.key_resp.duration,beep.started,sound_1.started,sound_1.stopped,beep.stopped,response.started,text.started,textbox.started,button.started,response.stopped,trials.textbox.text,trials.button.numClicks,trials.button.timesOn,trials.button.timesOff,participant,session,date,expName,expVersion,psychopyVersion,frameRate,expStart
0.4,1000,exp,0,0,0,space,0.5687094,None,200,1,[8.727677499991842],[8.727686300000641],0,0,0,10,0.0239925,,0.0198453,0.0239925,1.014828,1.014828,1.0310738,1.6996922,space,0.5687094,None,1.7004203,0.4149249,0.7147743,2.4315448,2.433712,2.5063711,2.5063711,2.5063711,11.2344086,200,1,[8.727677499991842],[8.727686300000641],1,1,2025-10-21_19h07.32.983,intentional_binding_exp,,2025.1.1,60.24956575,2025-10-21 19h07.44.775889 +0530
0.7,1000,exp,1,1,0,space,1.8472843,None,400,1,[6.637814699992305],[6.637821999989683],0,1,1,11,11.2465289,,11.2347383,11.2465289,12.2465379,12.2465379,12.2465379,14.0984884,space,1.8472843,None,14.1011234,0.7147318,1.0145357,15.1304026,15.1313334,15.1585525,15.1585525,15.1585525,21.7967491,400,1,[6.637814699992305],[6.637821999989683],1,1,2025-10-21_19h07.32.983,intentional_binding_exp,,2025.1.1,60.24956575,2025-10-21 19h07.44.775889 +0530
0.7,400,unexp,2,2,0,space,1.6485793,None,500,1,[4.012036200001603],[4.0120470999972895],0,2,2,2,21.8119154,,21.7969952,21.8119154,22.8120245,22.8120245,22.8120245,24.4632356,space,1.6485793,None,24.4649227,0.6990127,0.9989451,25.4799255,25.4808175,25.5175177,25.5175177,25.5175177,29.5301077,500,1,[4.012036200001603],[4.0120470999972895],1,1,2025-10-21_19h07.32.983,intentional_binding_exp,,2025.1.1,60.24956575,2025-10-21 19h07.44.775889 +0530
0.7,1000,exp,3,3,0,space,1.5634243,None,400,1,[8.466045300010592],[8.466052200004924],0,3,3,8,29.5449222,,29.53046,29.5449222,30.544561,30.544561,30.544561,32.1117481,space,1.5634243,None,32.1128103,0.6992609,0.9990815,33.128806,33.1292364,33.1450399,33.1450399,33.1450399,41.6114045,400,1,[8.466045300010592],[8.466052200004924],1,1,2025-10-21_19h07.32.983,intentional_binding_exp,,2025.1.1,60.24956575,2025-10-21 19h07.44.775889 +0530
0.1,1000,exp,4,4,0,space,0.5949573,None,200,1,[5.897888400009833],[5.897895000001881],0,4,4,9,41.626748,,41.6116117,41.626748,42.6271702,42.6271702,42.6271702,43.227834,space,0.5949573,None,43.2293849,0.0990364,0.3990911,43.6394445,43.6400859,43.6624106,43.6624106,43.6624106,49.56062,200,1,[5.897888400009833],[5.897895000001881],1,1,2025-10-21_19h07.32.983,intentional_binding_exp,,2025.1.1,60.24956575,2025-10-21 19h07.44.775889 +0530
0.4,1000,exp,5,5,0,space,0.3244755,None,200,1,[2.7557585000176914],[2.755774699995527],0,5,5,4,49.5761442,,49.5608512,49.5761442,50.5758546,50.5758546,50.5758546,50.9102846,space,0.3244755,None,50.9120611,0.4153581,0.7153233,51.6421973,51.6425344,51.6543944,51.6543944,51.6543944,54.4109219,200,1,[2.7557585000176914],[2.755774699995527],1,1,2025-10-21_19h07.32.983,intentional_binding_exp,,2025.1.1,60.24956575,2025-10-21 19h07.44.775889 +0530
0.1,1000,exp,6,6,0,space,0.3732834,None,100,1,[4.217990600009216],[4.21799760000431],0,6,6,6,54.4253667,,54.4114017,54.4253667,55.4255967,55.4255967,55.4255967,55.809175,space,0.3732834,None,55.8100481,0.099687,0.3998861,56.219126,56.2200478,56.2584458,56.2584458,56.2584458,60.4767621,100,1,[4.217990600009216],[4.21799760000431],1,1,2025-10-21_19h07.32.983,intentional_binding_exp,,2025.1.1,60.24956575,2025-10-21 19h07.44.775889 +0530
0.1,400,unexp,7,7,0,space,0.3636302,None,400,1,[3.8575243999948725],[3.8575337999791373],0,7,7,0,60.4916716,,60.4770126,60.4916716,61.4914032,61.4914032,61.4914032,61.8595257,space,0.3636302,None,61.8618066,0.0990744,0.3991532,62.2714796,62.2728054,62.3181841,62.3181841,62.3181841,66.1762682,400,1,[3.8575243999948725],[3.8575337999791373],1,1,2025-10-21_19h07.32.983,intentional_binding_exp,,2025.1.1,60.24956575,2025-10-21 19h07.44.775889 +0530
0.7,1000,exp,8,8,0,space,0.423868,None,300,1,[3.2491794000088703],[3.2491940000036266],0,8,8,5,66.1910753,,66.176714,66.1910753,67.1912419,67.1912419,67.1912419,67.6255349,space,0.423868,None,67.6281069,0.6991542,0.9991286,68.6423832,68.6434026,68.6766429,68.6766429,68.6766429,71.9263491,300,1,[3.2491794000088703],[3.2491940000036266],1,1,2025-10-21_19h07.32.983,intentional_binding_exp,,2025.1.1,60.24956575,2025-10-21 19h07.44.775889 +0530
0.4,400,unexp,9,9,0,space,0.3284047,None,500,1,[3.735688199987635],[3.735702500009211],0,9,9,1,71.9405696,,71.9267836,71.9405696,72.940647,72.940647,72.940647,73.2748794,space,0.3284047,None,73.2784065,0.4151261,0.7156809,74.0022568,74.0031569,74.0387056,74.0387056,74.0387056,77.7749976,500,1,[3.735688199987635],[3.735702500009211],1,1,2025-10-21_19h07.32.983,intentional_binding_exp,,2025.1.1,60.24956575,2025-10-21 19h07.44.775889 +0530
0.4,1000,exp,10,10,0,space,0.3246266,None,200,1,[3.58721319999313],[3.587220499990508],0,10,10,7,77.7897175,,77.7760046,77.7897175,78.7898651,78.7898651,78.7898651,79.1235488,space,0.3246266,None,79.1244585,0.3998943,0.6997333,79.8430092,79.8439198,79.8702481,79.8702481,79.8702481,83.4577664,200,1,[3.58721319999313],[3.587220499990508],1,1,2025-10-21_19h07.32.983,intentional_binding_exp,,2025.1.1,60.24956575,2025-10-21 19h07.44.775889 +0530
0.1,1000,exp,11,11,0,space,0.5177198,None,100,1,[2.4967697999964003],[2.4967808999936096],0,11,11,3,83.4729109,,83.4580779,83.4729109,84.4728494,84.4728494,84.4728494,85.0094072,space,0.5177198,None,85.0111645,0.113008,0.4131209,85.4400298,85.4409678,85.4767123,85.4767123,85.4767123,87.9739444,100,1,[2.4967697999964003],[2.4967808999936096],1,1,2025-10-21_19h07.32.983,intentional_binding_exp,,2025.1.1,60.24956575,2025-10-21 19h07.44.775889 +0530
0.1,1000,exp,12,0,1,space,0.2779729,None,100,1,[4.258580199995777],[4.258586599986302],1,0,12,3,87.9888194,,87.9742598,87.9888194,88.9888147,88.9888147,88.9888147,89.2730037,space,0.2779729,None,89.2743991,0.0993144,0.3992525,89.6900445,89.6907666,89.7139214,89.7139214,89.7139214,93.9727924,100,1,[4.258580199995777],[4.258586599986302],1,1,2025-10-21_19h07.32.983,intentional_binding_exp,,2025.1.1,60.24956575,2025-10-21 19h07.44.775889 +0530
0.1,400,unexp,13,1,1,space,0.2625479,None,400,1,[3.5186684000073],[3.518674299994018],1,1,13,0,93.9880894,,93.9729961,93.9880894,94.9879937,94.9879937,94.9879937,95.255506,space,0.2625479,None,95.2571379,0.0995759,0.3992938,95.6715106,95.6721679,95.7033637,95.7033637,95.7033637,99.2222764,400,1,[3.5186684000073],[3.518674299994018],1,1,2025-10-21_19h07.32.983,intentional_binding_exp,,2025.1.1,60.24956575,2025-10-21 19h07.44.775889 +0530
0.1,1000,exp,14,2,1,space,0.838086,None,200,1,[2.614512600004673],[2.6145207999798004],1,2,14,6,99.2376107,,99.2224679,99.2376107,100.2214067,100.2214067,100.2379149,101.0720975,space,0.838086,None,101.073818,0.0990487,0.3990186,101.4822088,101.4831231,101.5068863,101.5068863,101.5068863,104.1218712,200,1,[2.614512600004673],[2.6145207999798004],1,1,2025-10-21_19h07.32.983,intentional_binding_exp,,2025.1.1,60.24956575,2025-10-21 19h07.44.775889 +0530
0.7,1000,exp,15,3,1,space,0.3757747,None,400,1,[2.5163547999982256],[2.5163607000140473],1,3,15,5,104.1372026,,104.1220784,104.1372026,105.1376123,105.1376123,105.1376123,105.5215486,space,0.3757747,None,105.5236332,0.7150819,1.0161624,106.5514932,106.552508,106.5878854,106.5878854,106.5878854,109.1047035,400,1,[2.5163547999982256],[2.5163607000140473],1,1,2025-10-21_19h07.32.983,intentional_binding_exp,,2025.1.1,60.24956575,2025-10-21 19h07.44.775889 +0530
0.4,400,unexp,16,4,1,space,0.348455,None,200,1,[5.649930299987318],[5.649936500005424],1,4,16,1,109.1199331,,109.1048914,109.1199331,110.1198299,110.1198299,110.1198299,110.4705792,space,0.348455,None,110.4717043,0.3992261,0.69934,111.1792999,111.1799316,111.2033977,111.2033977,111.2033977,116.8536448,200,1,[5.649930299987318],[5.649936500005424],1,1,2025-10-21_19h07.32.983,intentional_binding_exp,,2025.1.1,60.24956575,2025-10-21 19h07.44.775889 +0530
0.7,400,unexp,17,5,1,space,0.3051232,None,500,1,[3.0415023999812547],[3.041510799987009],1,5,17,2,116.8693335,,116.8539368,116.8693335,117.869361,117.869361,117.869361,118.1870974,space,0.3051232,None,118.1903764,0.6991478,0.998638,119.2036681,119.2044792,119.2277181,119.2277181,119.2277181,122.2695715,500,1,[3.0415023999812547],[3.041510799987009],1,1,2025-10-21_19h07.32.983,intentional_binding_exp,,2025.1.1,60.24956575,2025-10-21 19h07.44.775889 +0530
0.7,1000,exp,18,6,1,space,0.3185954,None,400,1,[2.0021427999890875],[2.002148799976567],1,6,18,8,122.2854497,,122.269866,122.2854497,123.2685527,123.2685527,123.2853889,123.6024435,space,0.3185954,None,123.6037459,0.6995498,0.9996724,124.6205271,124.6213151,124.6506232,124.6506232,124.6506232,126.6530447,400,1,[2.0021427999890875],[2.002148799976567],1,1,2025-10-21_19h07.32.983,intentional_binding_exp,,2025.1.1,60.24956575,2025-10-21 19h07.44.775889 +0530
0.1,1000,exp,19,7,1,space,0.2586288,None,100,1,[3.0293539999984205],[3.0293865999847185],1,7,19,9,126.6680056,,126.6532618,126.6680056,127.6681216,127.6681216,127.6681216,127.9356351,space,0.2586288,None,127.9371113,0.0992446,0.399017,128.3511744,128.3517702,128.3729549,128.3729549,128.3729549,131.4027174,100,1,[3.0293539999984205],[3.0293865999847185],1,1,2025-10-21_19h07.32.983,intentional_binding_exp,,2025.1.1,60.24956575,2025-10-21 19h07.44.775889 +0530
0.4,1000,exp,20,8,1,space,0.2759891,None,200,1,[2.726888399978634],[2.726901199988788],1,8,20,4,131.4177393,,131.403016,131.4177393,132.4182592,132.4182592,132.4182592,132.7025927,space,0.2759891,None,132.7048329,0.4155071,0.714975,133.4282899,133.4286274,133.441721,133.441721,133.441721,136.1694224,200,1,[2.726888399978634],[2.726901199988788],1,1,2025-10-21_19h07.32.983,intentional_binding_exp,,2025.1.1,60.24956575,2025-10-21 19h07.44.775889 +0530
0.4,1000,exp,21,9,1,space,0.3602121,None,300,1,[2.1961082000052556],[2.196121699991636],1,9,21,10,136.1838329,,136.1700003,136.1838329,137.1841506,137.1841506,137.1841506,137.5511727,space,0.3602121,None,137.5525979,0.3994592,0.6995773,138.2710574,138.2719837,138.3049119,138.3049119,138.3049119,140.5015593,300,1,[2.1961082000052556],[2.196121699991636],1,1,2025-10-21_19h07.32.983,intentional_binding_exp,,2025.1.1,60.24956575,2025-10-21 19h07.44.775889 +0530
0.7,1000,exp,22,10,1,space,0.2876797,None,400,1,[2.167060700012371],[2.167066900001373],1,10,22,11,140.5167402,,140.5019726,140.5167402,141.5171648,141.5171648,141.5171648,141.8183538,space,0.2876797,None,141.8205222,0.6996159,0.9993005,142.8334164,142.8344685,142.8667772,142.8667772,142.8667772,145.0341368,400,1,[2.167060700012371],[2.167066900001373],1,1,2025-10-21_19h07.32.983,intentional_binding_exp,,2025.1.1,60.24956575,2025-10-21 19h07.44.775889 +0530
0.4,1000,exp,23,11,1,space,0.4633627,None,300,1,[2.040213300002506],[2.0402204999991227],1,11,23,7,145.0500583,,145.0343484,145.0500583,146.0497385,146.0497385,146.0497385,146.5167868,space,0.4633627,None,146.5173566,0.3993995,0.7000806,147.2301676,147.231186,147.2765534,147.2765534,147.2765534,149.3170746,300,1,[2.040213300002506],[2.0402204999991227],1,1,2025-10-21_19h07.32.983,intentional_binding_exp,,2025.1.1,60.24956575,2025-10-21 19h07.44.775889 +0530
0.7,1000,exp,24,0,2,space,0.3993584,None,400,1,[2.6884611999848858],[2.688467400002992],2,0,24,5,149.3327429,,149.3173137,149.3327429,150.3326736,150.3326736,150.3326736,150.7333007,space,0.3993584,None,150.7344521,0.6992552,0.9997157,151.7513371,151.7522372,151.7786621,151.7786621,151.7786621,154.467388,400,1,[2.6884611999848858],[2.688467400002992],1,1,2025-10-21_19h07.32.983,intentional_binding_exp,,2025.1.1,60.24956575,2025-10-21 19h07.44.775889 +0530
0.4,1000,exp,25,1,2,space,0.5411574,None,400,1,[3.386698599992087],[3.386708500009263],2,1,25,4,154.4823605,,154.4676023,154.4823605,155.4824992,155.4824992,155.4824992,156.0332989,space,0.5411574,None,156.0349814,0.3990795,0.6989442,156.7424872,156.743384,156.7793298,156.7793298,156.7793298,160.1665337,400,1,[3.386698599992087],[3.386708500009263],1,1,2025-10-21_19h07.32.983,intentional_binding_exp,,2025.1.1,60.24956575,2025-10-21 19h07.44.775889 +0530
0.4,1000,exp,26,2,2,space,0.2726397,None,300,1,[4.046435299998848],[4.046447499975329],2,2,26,10,160.1818658,,160.1667654,160.1818658,161.1815898,161.1815898,161.1815898,161.4657128,space,0.2726397,None,161.4673355,0.3994688,0.6989015,162.1810934,162.1819208,162.2021942,162.2021942,162.2021942,166.249126,300,1,[4.046435299998848],[4.046447499975329],1,1,2025-10-21_19h07.32.983,intentional_binding_exp,,2025.1.1,60.24956575,2025-10-21 19h07.44.775889 +0530
0.4,1000,exp,27,3,2,space,0.3312087,None,400,1,[4.311795299989171],[4.311801899981219],2,3,27,7,166.263983,,166.2495149,166.263983,167.2642583,167.2642583,167.2642583,167.5981487,space,0.3312087,None,167.5993118,0.3997818,0.6997443,168.3082884,168.3091699,168.3362574,168.3362574,168.3362574,172.648338,400,1,[4.311795299989171],[4.311801899981219],1,1,2025-10-21_19h07.32.983,intentional_binding_exp,,2025.1.1,60.24956575,2025-10-21 19h07.44.775889 +0530
0.7,400,unexp,28,4,2,space,0.3490114,None,600,1,[6.2294559000001755],[6.229464000003645],2,4,28,2,172.6637753,,172.6485332,172.6637753,173.6639914,173.6639914,173.6639914,174.0148457,space,0.3490114,None,174.0167404,0.7155991,1.0155437,175.048878,175.0498142,175.0848604,175.0848604,175.0848604,181.3146795,600,1,[6.2294559000001755],[6.229464000003645],1,1,2025-10-21_19h07.32.983,intentional_binding_exp,,2025.1.1,60.24956575,2025-10-21 19h07.44.775889 +0530
0.1,400,unexp,29,5,2,space,1.5135775,None,200,1,[3.868203399993945],[3.868210899992846],2,5,29,0,181.3296241,,181.3150932,181.3296241,182.3292615,182.3292615,182.3292615,183.8466919,space,1.5135775,None,183.848079,0.0994434,0.4000356,184.2591157,184.2600658,184.2963417,184.2963417,184.2963417,188.1649663,200,1,[3.868203399993945],[3.868210899992846],1,1,2025-10-21_19h07.32.983,intentional_binding_exp,,2025.1.1,60.24956575,2025-10-21 19h07.44.775889 +0530
0.1,1000,exp,30,6,2,space,0.3253003,None,200,1,[2.199865200003842],[2.199871399992844],2,6,30,6,188.1787592,,188.1652076,188.1787592,189.1786055,189.1786055,189.1786055,189.5132988,space,0.3253003,None,189.5150428,0.0990722,0.3990395,189.9290978,189.9300246,189.9627298,189.9627298,189.9627298,192.1628918,200,1,[2.199865200003842],[2.199871399992844],1,1,2025-10-21_19h07.32.983,intentional_binding_exp,,2025.1.1,60.24956575,2025-10-21 19h07.44.775889 +0530
0.7,1000,exp,31,7,2,space,0.2983921,None,400,1,[6.350508200004697],[6.350514999998268],2,7,31,8,192.1783727,,192.163092,192.1783727,193.1782423,193.1782423,193.1782423,193.4786886,space,0.2983921,None,193.4792765,0.6998942,0.9999461,194.4889262,194.490025,194.5273128,194.5273128,194.5273128,200.8783783,400,1,[6.350508200004697],[6.350514999998268],1,1,2025-10-21_19h07.32.983,intentional_binding_exp,,2025.1.1,60.24956575,2025-10-21 19h07.44.775889 +0530
0.1,1000,exp,32,8,2,space,0.3019853,None,100,1,[1.7811722999904305],[1.781180799996946],2,8,32,9,200.8939244,,200.8786326,200.8939244,201.893761,201.893761,201.893761,202.2108808,space,0.3019853,None,202.2117477,0.0995051,0.3994895,202.6196235,202.6199125,202.6300342,202.6300342,202.6300342,204.4115185,100,1,[1.7811722999904305],[1.781180799996946],1,1,2025-10-21_19h07.32.983,intentional_binding_exp,,2025.1.1,60.24956575,2025-10-21 19h07.44.775889 +0530
0.7,1000,exp,33,9,2,space,0.2325168,None,300,1,[2.429091400001198],[2.42909800002235],2,9,33,11,204.4268768,,204.4118354,204.4268768,205.4268253,205.4268253,205.4268253,205.6606844,space,0.2325168,None,205.6615267,0.6993937,0.9996139,206.6695988,206.6699279,206.6818111,206.6818111,206.6818111,209.1111955,300,1,[2.429091400001198],[2.42909800002235],1,1,2025-10-21_19h07.32.983,intentional_binding_exp,,2025.1.1,60.24956575,2025-10-21 19h07.44.775889 +0530
0.4,400,unexp,34,10,2,space,0.296923,None,200,1,[2.9039251999929547],[2.903932799992617],2,10,34,1,209.1267025,,209.1114076,209.1267025,210.1267417,210.1267417,210.1267417,210.42784,space,0.296923,None,210.42901,0.3993096,0.69943,211.1415283,211.1424626,211.1740285,211.1740285,211.1740285,214.078252,200,1,[2.9039251999929547],[2.903932799992617],1,1,2025-10-21_19h07.32.983,intentional_binding_exp,,2025.1.1,60.24956575,2025-10-21 19h07.44.775889 +0530
0.1,1000,exp,35,11,2,space,0.2970484,None,100,1,[1.846773299999768],[1.8467833000177052],2,11,35,3,214.0931037,,214.0784835,214.0931037,215.0927453,215.0927453,215.0927453,215.3932004,space,0.2970484,None,215.3940957,0.0994016,0.3994703,215.8123917,215.8129079,215.830618,215.830618,215.830618,217.6777868,100,1,[1.846773299999768],[1.8467833000177052],1,1,2025-10-21_19h07.32.983,intentional_binding_exp,,2025.1.1,60.24956575,2025-10-21 19h07.44.775889 +0530
0.4,1000,exp,36,0,3,space,0.2731141,None,300,1,[2.4762368999945465],[2.476246700010961],3,0,36,7,217.6924604,,217.67809,217.6924604,218.6927755,218.6927755,218.6927755,218.977919,space,0.2731141,None,218.9798527,0.4147229,0.714494,219.7099074,219.7108164,219.7336017,219.7336017,219.7336017,222.2102037,300,1,[2.4762368999945465],[2.476246700010961],1,1,2025-10-21_19h07.32.983,intentional_binding_exp,,2025.1.1,60.24956575,2025-10-21 19h07.44.775889 +0530
0.7,1000,exp,37,1,3,space,0.2571075,None,400,1,[1.7213281000149436],[1.7213417000020854],3,1,37,8,222.2250594,,222.2104822,222.2250594,223.2255467,223.2255467,223.2255467,223.4928381,space,0.2571075,None,223.4942175,0.6992812,0.9989602,224.5105588,224.5113216,224.5400044,224.5400044,224.5400044,226.2619143,400,1,[1.7213281000149436],[1.7213417000020854],1,1,2025-10-21_19h07.32.983,intentional_binding_exp,,2025.1.1,60.24956575,2025-10-21 19h07.44.775889 +0530
0.1,1000,exp,38,2,3,space,0.2755232,None,100,1,[1.5942629000055604],[1.5942756999866106],3,2,38,3,226.275015,,226.2623636,226.275015,227.2752917,227.2752917,227.2752917,227.5597501,space,0.2755232,None,227.5618904,0.1152379,0.4154655,227.9886599,227.9897504,228.0148675,228.0148675,228.0148675,229.609611,100,1,[1.5942629000055604],[1.5942756999866106],1,1,2025-10-21_19h07.32.983,intentional_binding_exp,,2025.1.1,60.24956575,2025-10-21 19h07.44.775889 +0530
0.7,1000,exp,39,3,3,space,0.3723758,None,400,1,[2.371771300007822],[2.3717802000173833],3,3,39,5,229.624733,,229.6100057,229.624733,230.6245075,230.6245075,230.6245075,231.0098264,space,0.3723758,None,231.0121987,0.7147775,1.0146957,232.0397014,232.0404866,232.0703293,232.0703293,232.0703293,234.4424287,400,1,[2.371771300007822],[2.3717802000173833],1,1,2025-10-21_19h07.32.983,intentional_binding_exp,,2025.1.1,60.24956575,2025-10-21 19h07.44.775889 +0530
0.7,400,unexp,40,4,3,space,0.2777744,None,500,1,[2.1197923999861814],[2.119799200008856],3,4,40,2,234.4577968,,234.4426663,234.4577968,235.4571679,235.4571679,235.4571679,235.7412103,space,0.2777744,None,235.7423656,0.6999386,0.9992079,236.7579445,236.7583211,236.771057,236.771057,236.771057,238.8911089,500,1,[2.1197923999861814],[2.119799200008856],1,1,2025-10-21_19h07.32.983,intentional_binding_exp,,2025.1.1,60.24956575,2025-10-21 19h07.44.775889 +0530
0.4,400,unexp,41,5,3,space,0.4034352,None,200,1,[2.531912000005832],[2.5319221000245307],3,5,41,1,238.9070065,,238.8913104,238.9070065,239.8904985,239.8904985,239.9072825,240.309004,space,0.4034352,None,240.3109159,0.4148165,0.7145662,241.0402652,241.0413182,241.0765798,241.0765798,241.0765798,243.6089377,200,1,[2.531912000005832],[2.5319221000245307],1,1,2025-10-21_19h07.32.983,intentional_binding_exp,,2025.1.1,60.24956575,2025-10-21 19h07.44.775889 +0530
0.1,400,unexp,42,6,3,space,0.4474689,None,100,1,[1.8167577999993227],[1.8167636999860406],3,6,42,0,243.6229144,,243.6092204,243.6229144,244.6230705,244.6230705,244.6230705,245.0731867,space,0.4474689,None,245.0737577,0.0997334,0.4003386,245.4900784,245.4909779,245.5233996,245.5233996,245.5233996,247.3404019,100,1,[1.8167577999993227],[1.8167636999860406],1,1,2025-10-21_19h07.32.983,intentional_binding_exp,,2025.1.1,60.24956575,2025-10-21 19h07.44.775889 +0530
0.4,1000,exp,43,7,3,space,0.3457245,None,400,1,[2.617448200006038],[2.6174581999948714],3,7,43,10,247.3564691,,247.3406506,247.3564691,248.3560883,248.3560883,248.3560883,248.7072655,space,0.3457245,None,248.709054,0.4152671,0.7151305,249.4403681,249.4408189,249.4555975,249.4555975,249.4555975,252.0734238,400,1,[2.617448200006038],[2.6174581999948714],1,1,2025-10-21_19h07.32.983,intentional_binding_exp,,2025.1.1,60.24956575,2025-10-21 19h07.44.775889 +0530
0.1,1000,exp,44,8,3,space,0.5273151,None,100,1,[2.0352367000014056],[2.0352427999896463],3,8,44,9,252.0890391,,252.0737568,252.0890391,253.0727121,253.0727121,253.0892918,253.6078586,space,0.5273151,None,253.6101725,0.1143821,0.414722,254.0326354,254.033536,254.0713085,254.0713085,254.0713085,256.1067962,100,1,[2.0352367000014056],[2.0352427999896463],1,1,2025-10-21_19h07.32.983,intentional_binding_exp,,2025.1.1,60.24956575,2025-10-21 19h07.44.775889 +0530
0.4,1000,exp,45,9,3,space,0.2514707,None,200,1,[2.833485099981772],[2.833491499972297],3,9,45,4,256.1218252,,256.1070711,256.1218252,257.1223263,257.1223263,257.1223263,257.3897541,space,0.2514707,None,257.39188,0.4158105,0.7157272,258.1221693,258.1230937,258.1556967,258.1556967,258.1556967,260.9894977,200,1,[2.833485099981772],[2.833491499972297],1,1,2025-10-21_19h07.32.983,intentional_binding_exp,,2025.1.1,60.24956575,2025-10-21 19h07.44.775889 +0530
0.7,1000,exp,46,10,3,space,0.2788385,None,300,1,[1.4701261000009254],[1.4701333999983035],3,10,46,11,261.0049338,,260.9896943,261.0049338,262.005091,262.005091,262.005091,262.2889989,space,0.2788385,None,262.2909599,0.6990068,0.9990281,263.297633,263.2982631,263.3208058,263.3208058,263.3208058,264.7912397,300,1,[1.4701261000009254],[1.4701333999983035],1,1,2025-10-21_19h07.32.983,intentional_binding_exp,,2025.1.1,60.24956575,2025-10-21 19h07.44.775889 +0530
0.1,1000,exp,47,11,3,space,0.3050852,None,200,1,[1.630017699993914],[1.6300294999964535],3,11,47,6,264.8045759,,264.7914665,264.8045759,265.8046648,265.8046648,265.8046648,266.1213998,space,0.3050852,None,266.1220799,0.0997553,0.3999672,266.5390262,266.5399149,266.5772619,266.5772619,266.5772619,268.2078401,200,1,[1.630017699993914],[1.6300294999964535],1,1,2025-10-21_19h07.32.983,intentional_binding_exp,,2025.1.1,60.24956575,2025-10-21 19h07.44.775889 +0530
0.4,1000,exp,48,0,4,space,0.2723689,None,300,1,[3.21860100000049],[3.2186077999940608],4,0,48,4,268.2210122,,268.208182,268.2210122,269.2208516,269.2208516,269.2208516,269.5050503,space,0.2723689,None,269.5074569,0.3991322,0.6991541,270.2180745,270.2189463,270.2527786,270.2527786,270.2527786,273.4716916,300,1,[3.21860100000049],[3.2186077999940608],1,1,2025-10-21_19h07.32.983,intentional_binding_exp,,2025.1.1,60.24956575,2025-10-21 19h07.44.775889 +0530
0.7,1000,exp,49,1,4,space,0.5151633,None,200,1,[4.398273900005734],[4.39828269998543],4,1,49,5,273.4872277,,273.471899,273.4872277,274.4872946,274.4872946,274.4872946,275.0051695,space,0.5151633,None,275.0099396,0.714815,1.0147368,276.0317542,276.0323658,276.0553733,276.0553733,276.0553733,280.45403,200,1,[4.398273900005734],[4.39828269998543],1,1,2025-10-21_19h07.32.983,intentional_binding_exp,,2025.1.1,60.24956575,2025-10-21 19h07.44.775889 +0530
0.1,400,unexp,50,2,4,space,0.3894901,None,100,1,[3.047797500010347],[3.0478049000084866],4,2,50,0,280.4694543,,280.4544532,280.4694543,281.4694125,281.4694125,281.4694125,281.8699377,space,0.3894901,None,281.8710136,0.0992659,0.3997517,282.2830806,282.2842635,282.3225366,282.3225366,282.3225366,285.3706568,100,1,[3.047797500010347],[3.0478049000084866],1,1,2025-10-21_19h07.32.983,intentional_binding_exp,,2025.1.1,60.24956575,2025-10-21 19h07.44.775889 +0530
0.7,400,unexp,51,3,4,space,0.3303683,None,300,1,[2.406988000002457],[2.406994399992982],4,3,51,2,285.385813,,285.370866,285.385813,286.3860416,286.3860416,286.3860416,286.7191723,space,0.3303683,None,286.7197473,0.7000286,0.999464,287.7298868,287.7303537,287.7460466,287.7460466,287.7460466,290.1533467,300,1,[2.406988000002457],[2.406994399992982],1,1,2025-10-21_19h07.32.983,intentional_binding_exp,,2025.1.1,60.24956575,2025-10-21 19h07.44.775889 +0530
0.1,1000,exp,52,4,4,space,0.4006093,None,300,1,[3.253938699985156],[3.253948900004616],4,4,52,3,290.1685814,,290.1535425,290.1685814,291.1684248,291.1684248,291.1684248,291.5706914,space,0.4006093,None,291.5725439,0.1150293,0.4148768,292.0013893,292.0023608,292.0318299,292.0318299,292.0318299,295.2862033,300,1,[3.253938699985156],[3.253948900004616],1,1,2025-10-21_19h07.32.983,intentional_binding_exp,,2025.1.1,60.24956575,2025-10-21 19h07.44.775889 +0530
0.4,1000,exp,53,5,4,space,0.2457282,None,200,1,[2.6458226999966428],[2.6458362999837846],4,5,53,7,295.301318,,295.2864142,295.301318,296.301623,296.301623,296.301623,296.552449,space,0.2457282,None,296.5541818,0.3990557,0.6988645,297.2710561,297.2722682,297.3055565,297.3055565,297.3055565,299.9520262,200,1,[2.6458226999966428],[2.6458362999837846],1,1,2025-10-21_19h07.32.983,intentional_binding_exp,,2025.1.1,60.24956575,2025-10-21 19h07.44.775889 +0530
0.4,400,unexp,54,6,4,space,0.2859237,None,400,1,[2.4896863999892958],[2.489717499993276],4,6,54,1,299.9672622,,299.9524978,299.9672622,300.9678169,300.9678169,300.9678169,301.2690408,space,0.2859237,None,301.2707706,0.4153336,0.7154117,301.9995775,302.0004859,302.0364522,302.0364522,302.0364522,304.5272968,400,1,[2.4896863999892958],[2.489717499993276],1,1,2025-10-21_19h07.32.983,intentional_binding_exp,,2025.1.1,60.24956575,2025-10-21 19h07.44.775889 +0530
0.4,1000,exp,55,7,4,space,0.2684156,None,400,1,[1.8293668000260368],[1.8293780000240076],4,7,55,10,304.533696,,304.5280993,304.533696,305.5336028,305.5336028,305.5336028,305.8172908,space,0.2684156,None,305.8181345,0.3997514,0.6999579,306.5308118,306.5315175,306.5572042,306.5572042,306.5572042,308.3870495,400,1,[1.8293668000260368],[1.8293780000240076],1,1,2025-10-21_19h07.32.983,intentional_binding_exp,,2025.1.1,60.24956575,2025-10-21 19h07.44.775889 +0530
0.1,1000,exp,56,8,4,space,0.4246746,None,300,1,[2.337133499997435],[2.3371396999864373],4,8,56,9,308.4002324,,308.3874132,308.4002324,309.3998438,309.3998438,309.3998438,309.8338224,space,0.4246746,None,309.8349043,0.0995563,0.3993483,310.2502387,310.2505712,310.2632929,310.2632929,310.2632929,312.6007055,300,1,[2.337133499997435],[2.3371396999864373],1,1,2025-10-21_19h07.32.983,intentional_binding_exp,,2025.1.1,60.24956575,2025-10-21 19h07.44.775889 +0530
0.7,1000,exp,57,9,4,space,0.2678135,None,200,1,[2.372338600020157],[2.372347800002899],4,9,57,11,312.6162487,,312.6009359,312.6162487,313.5998828,313.5998828,313.6166506,313.8695392,space,0.2678135,None,313.8726546,0.7130348,1.0131439,314.8980769,314.898448,314.9114201,314.9114201,314.9114201,317.2840822,200,1,[2.372338600020157],[2.372347800002899],1,1,2025-10-21_19h07.32.983,intentional_binding_exp,,2025.1.1,60.24956575,2025-10-21 19h07.44.775889 +0530
0.1,1000,exp,58,10,4,space,0.4007314,None,200,1,[2.7559333000099286],[2.7559401000034995],4,10,58,6,317.2991809,,317.2843353,317.2991809,318.2993706,318.2993706,318.2993706,318.7179127,space,0.4007314,None,318.7202454,0.1147298,0.4141906,319.1481756,319.148543,319.1609342,319.1609342,319.1609342,321.9171155,200,1,[2.7559333000099286],[2.7559401000034995],1,1,2025-10-21_19h07.32.983,intentional_binding_exp,,2025.1.1,60.24956575,2025-10-21 19h07.44.775889 +0530
0.7,1000,exp,59,11,4,space,0.3014415,None,400,1,[1.8113325999875087],[1.8113397999841254],4,11,59,8,321.9323097,,321.9173144,321.9323097,322.9323825,322.9323825,322.9323825,323.2489341,space,0.3014415,None,323.2499099,0.6999843,0.9994758,324.2602609,324.2606153,324.2725043,324.2725043,324.2725043,326.08411,400,1,[1.8113325999875087],[1.8113397999841254],1,1,2025-10-21_19h07.32.983,intentional_binding_exp,,2025.1.1,60.24956575,2025-10-21 19h07.44.775889 +0530
0.4,1000,exp,60,0,5,space,0.1143409,None,100,1,[2.519232499995269],[2.5192486999731045],5,0,60,4,326.0982455,,326.0843407,326.0982455,327.0985823,327.0985823,327.0985823,327.2163994,space,0.1143409,None,327.2191515,0.4153055,0.7153906,327.9503381,327.9513504,327.9798649,327.9798649,327.9798649,330.499731,100,1,[2.519232499995269],[2.5192486999731045],1,1,2025-10-21_19h07.32.983,intentional_binding_exp,,2025.1.1,60.24956575,2025-10-21 19h07.44.775889 +0530
0.7,400,unexp,61,1,5,space,0.2662256,None,400,1,[2.1988833000068553],[2.198889199993573],5,1,61,2,330.5144196,,330.5002005,330.5144196,331.5145042,331.5145042,331.5145042,331.7811903,space,0.2662256,None,331.7817859,0.6999528,0.9995838,332.7920619,332.7926883,332.8160631,332.8160631,332.8160631,335.0153697,400,1,[2.1988833000068553],[2.198889199993573],1,1,2025-10-21_19h07.32.983,intentional_binding_exp,,2025.1.1,60.24956575,2025-10-21 19h07.44.775889 +0530
0.4,400,unexp,62,2,5,space,0.3523139,None,200,1,[1.941417599999113],[1.9414286999963224],5,2,62,1,335.030648,,335.0157027,335.030648,336.0306007,336.0306007,336.0306007,336.3991078,space,0.3523139,None,336.4012709,0.4146176,0.7151045,337.1338683,337.1347659,337.1738272,337.1738272,337.1738272,339.1157555,200,1,[1.941417599999113],[1.9414286999963224],1,1,2025-10-21_19h07.32.983,intentional_binding_exp,,2025.1.1,60.24956575,2025-10-21 19h07.44.775889 +0530
0.7,1000,exp,63,3,5,space,0.1092116,None,300,1,[1.829851000016788],[1.8298584000149276],5,3,63,8,339.1304403,,339.116135,339.1304403,340.1301275,340.1301275,340.1301275,340.2487019,space,0.1092116,None,340.2504798,0.7149536,1.0147151,341.2814552,341.2822956,341.3016882,341.3016882,341.3016882,343.1318255,300,1,[1.829851000016788],[1.8298584000149276],1,1,2025-10-21_19h07.32.983,intentional_binding_exp,,2025.1.1,60.24956575,2025-10-21 19h07.44.775889 +0530
0.1,1000,exp,64,4,5,space,0.3102628,None,100,1,[2.58783889998449],[2.5878580999851692],5,4,64,6,343.1464953,,343.1320467,343.1464953,344.1469357,344.1469357,344.1469357,344.4643249,space,0.3102628,None,344.4663587,0.0991663,0.3990241,344.8799329,344.8808356,344.9138148,344.9138148,344.9138148,347.5023396,100,1,[2.58783889998449],[2.5878580999851692],1,1,2025-10-21_19h07.32.983,intentional_binding_exp,,2025.1.1,60.24956575,2025-10-21 19h07.44.775889 +0530
0.1,400,unexp,65,5,5,space,0.3614449,None,200,1,[2.3261850999842864],[2.326209899998503],5,5,65,0,347.5129978,,347.5033453,347.5129978,348.5131137,348.5131137,348.5131137,348.880579,space,0.3614449,None,348.8822371,0.1159924,0.4152658,349.3077907,349.3081819,349.3220628,349.3220628,349.3220628,351.649009,200,1,[2.3261850999842864],[2.326209899998503],1,1,2025-10-21_19h07.32.983,intentional_binding_exp,,2025.1.1,60.24956575,2025-10-21 19h07.44.775889 +0530
0.1,1000,exp,66,6,5,space,0.3062063,None,100,1,[1.9302675999933854],[1.9302737999823876],5,6,66,9,351.6624733,,351.64962,351.6624733,352.6624237,352.6624237,352.6624237,352.9800264,space,0.3062063,None,352.9817691,0.0997807,0.398694,353.3881672,353.3884872,353.3992725,353.3992725,353.3992725,355.3298153,100,1,[1.9302675999933854],[1.9302737999823876],1,1,2025-10-21_19h07.32.983,intentional_binding_exp,,2025.1.1,60.24956575,2025-10-21 19h07.44.775889 +0530
0.4,1000,exp,67,7,5,space,0.2976976,None,100,1,[1.7960385000042152],[1.7960524999944028],5,7,67,10,355.345437,,355.3300293,355.345437,356.3451877,356.3451877,356.3451877,356.6458738,space,0.2976976,None,356.6473541,0.3992685,0.6993079,357.3613853,357.3619323,357.3836327,357.3836327,357.3836327,359.1800941,100,1,[1.7960385000042152],[1.7960524999944028],1,1,2025-10-21_19h07.32.983,intentional_binding_exp,,2025.1.1,60.24956575,2025-10-21 19h07.44.775889 +0530
0.7,1000,exp,68,8,5,space,0.2661107,None,200,1,[2.588722999993479],[2.5887298000161536],5,8,68,5,359.1950287,,359.1803964,359.1950287,360.1948758,360.1948758,360.1948758,360.4620805,space,0.2661107,None,360.4626885,0.6992965,0.9993306,361.4771757,361.4775425,361.4898665,361.4898665,361.4898665,364.0788463,200,1,[2.588722999993479],[2.5887298000161536],1,1,2025-10-21_19h07.32.983,intentional_binding_exp,,2025.1.1,60.24956575,2025-10-21 19h07.44.775889 +0530
0.4,1000,exp,69,9,5,space,0.3348348,None,200,1,[1.7902399000013247],[1.7902473000285681],5,9,69,7,364.0944227,,364.0790681,364.0944227,365.0943591,365.0943591,365.0943591,365.4446744,space,0.3348348,None,365.445317,0.4000306,0.6997439,366.159343,366.1601166,366.1884222,366.1884222,366.1884222,367.9789665,200,1,[1.7902399000013247],[1.7902473000285681],1,1,2025-10-21_19h07.32.983,intentional_binding_exp,,2025.1.1,60.24956575,2025-10-21 19h07.44.775889 +0530
0.7,1000,exp,70,10,5,space,0.3987505,None,300,1,[2.6526255999924615],[2.652654099976644],5,10,70,11,367.9939725,,367.9792114,367.9939725,368.9941311,368.9941311,368.9941311,369.3948579,space,0.3987505,None,369.3966151,0.699305,0.999443,370.4091903,370.4100766,370.4416926,370.4416926,370.4416926,373.0949108,300,1,[2.6526255999924615],[2.652654099976644],1,1,2025-10-21_19h07.32.983,intentional_binding_exp,,2025.1.1,60.24956575,2025-10-21 19h07.44.775889 +0530
0.1,1000,exp,71,11,5,space,0.3162026,None,100,1,[1.6179004000150599],[1.6179136999999173],5,11,71,3,373.1103419,,373.0953322,373.1103419,374.1103874,374.1103874,374.1103874,374.4284603,space,0.3162026,None,374.4302342,0.099009,0.3988527,374.8391726,374.8400626,374.8760705,374.8760705,374.8760705,376.4944604,100,1,[1.6179004000150599],[1.6179136999999173],1,1,2025-10-21_19h07.32.983,intentional_binding_exp,,2025.1.1,60.24956575,2025-10-21 19h07.44.775889 +0530
0.4,1000,exp,72,0,6,space,0.2357132,None,300,1,[1.347885099996347],[1.347894999984419],6,0,72,7,376.5098965,,376.4947214,376.5098965,377.4945022,377.4945022,377.5101581,377.7443334,space,0.2357132,None,377.7463017,0.4157148,0.7157945,378.4733843,378.4744721,378.5136101,378.5136101,378.5136101,379.8618593,300,1,[1.347885099996347],[1.347894999984419],1,1,2025-10-21_19h07.32.983,intentional_binding_exp,,2025.1.1,60.24956575,2025-10-21 19h07.44.775889 +0530
0.7,1000,exp,73,1,6,space,0.3194232,None,400,1,[1.9248305000073742],[1.9248471000173595],6,1,73,11,379.876203,,379.8621285,379.876203,380.8763724,380.8763724,380.8763724,381.2107069,space,0.3194232,None,381.2124007,0.7160636,1.0154937,382.2394514,382.2400025,382.2534811,382.2534811,382.2534811,384.1790229,400,1,[1.9248305000073742],[1.9248471000173595],1,1,2025-10-21_19h07.32.983,intentional_binding_exp,,2025.1.1,60.24956575,2025-10-21 19h07.44.775889 +0530
0.4,400,unexp,74,2,6,space,0.2895027,None,400,1,[2.754088399989996],[2.754098499979591],6,2,74,1,384.1926429,,384.1795089,384.1926429,385.192647,385.192647,385.192647,385.4931933,space,0.2895027,None,385.4945866,0.415598,0.7158118,386.2234686,386.2245653,386.255457,386.255457,386.255457,389.0099489,400,1,[2.754088399989996],[2.754098499979591],1,1,2025-10-21_19h07.32.983,intentional_binding_exp,,2025.1.1,60.24956575,2025-10-21 19h07.44.775889 +0530
0.1,1000,exp,75,3,6,space,0.3160496,None,100,1,[1.704863099992508],[1.7048757999727968],6,3,75,3,389.0253507,,389.0102293,389.0253507,390.0252043,390.0252043,390.0252043,390.3430476,space,0.3160496,None,390.3447566,0.0991802,0.3991119,390.761746,390.7626207,390.7874583,390.7874583,390.7874583,392.4928237,100,1,[1.704863099992508],[1.7048757999727968],1,1,2025-10-21_19h07.32.983,intentional_binding_exp,,2025.1.1,60.24956575,2025-10-21 19h07.44.775889 +0530
0.7,400,unexp,76,4,6,space,0.2912202,None,500,1,[1.3650570000172593],[1.365075000008801],6,4,76,2,392.5080977,,392.4931965,392.5080977,393.508401,393.508401,393.508401,393.8099759,space,0.2912202,None,393.8117666,0.7151353,1.0151473,394.8402944,394.8411988,394.8822053,394.8822053,394.8822053,396.2478655,500,1,[1.3650570000172593],[1.365075000008801],1,1,2025-10-21_19h07.32.983,intentional_binding_exp,,2025.1.1,60.24956575,2025-10-21 19h07.44.775889 +0530
0.7,1000,exp,77,5,6,space,0.2730814,None,300,1,[1.6509865999978501],[1.6509925999853294],6,5,77,5,396.2576344,,396.2483288,396.2576344,397.2582909,397.2582909,397.2582909,397.5427482,space,0.2730814,None,397.5445449,0.7148396,1.0147838,398.5693792,398.5699769,398.5908325,398.5908325,398.5908325,400.2421331,300,1,[1.6509865999978501],[1.6509925999853294],1,1,2025-10-21_19h07.32.983,intentional_binding_exp,,2025.1.1,60.24956575,2025-10-21 19h07.44.775889 +0530
0.7,1000,exp,78,6,6,space,0.2372973,None,400,1,[2.5851663000066765],[2.5851798999938183],6,6,78,8,400.2574684,,400.242338,400.2574684,401.2409606,401.2409606,401.2579208,401.4919653,space,0.2372973,None,401.4936484,0.6990341,0.9982329,402.5084574,402.5090246,402.5232122,402.5232122,402.5232122,405.1088554,400,1,[2.5851663000066765],[2.5851798999938183],1,1,2025-10-21_19h07.32.983,intentional_binding_exp,,2025.1.1,60.24956575,2025-10-21 19h07.44.775889 +0530
0.1,1000,exp,79,7,6,space,0.2102701,None,100,1,[3.285947299998952],[3.28596199999447],6,7,79,9,405.1236612,,405.1092635,405.1236612,406.1240259,406.1240259,406.1240259,406.3414893,space,0.2102701,None,406.3436677,0.116034,0.41588,406.7734295,406.7744544,406.8064712,406.8064712,406.8064712,410.0929705,100,1,[3.285947299998952],[3.28596199999447],1,1,2025-10-21_19h07.32.983,intentional_binding_exp,,2025.1.1,60.24956575,2025-10-21 19h07.44.775889 +0530
0.1,1000,exp,80,8,6,space,0.8844712,None,100,1,[3.5064190999837592],[3.506424799998058],6,8,80,6,410.1062885,,410.0936794,410.1062885,411.1063962,411.1063962,411.1063962,412.0084888,space,0.8844712,None,412.0104322,0.1150087,0.4145815,412.4428201,412.4434115,412.4670751,412.4670751,412.4670751,415.9740883,100,1,[3.5064190999837592],[3.506424799998058],1,1,2025-10-21_19h07.32.983,intentional_binding_exp,,2025.1.1,60.24956575,2025-10-21 19h07.44.775889 +0530
0.1,400,unexp,81,9,6,space,0.2570627,None,200,1,[2.25282339999103],[2.2528334999806248],6,9,81,0,415.9890999,,415.9742697,415.9890999,416.989155,416.989155,416.989155,417.256379,space,0.2570627,None,417.2569739,0.0995449,0.4002464,417.6716459,417.6725583,417.7037953,417.7037953,417.7037953,419.9570046,200,1,[2.25282339999103],[2.2528334999806248],1,1,2025-10-21_19h07.32.983,intentional_binding_exp,,2025.1.1,60.24956575,2025-10-21 19h07.44.775889 +0530
0.4,1000,exp,82,10,6,space,0.705557,None,100,1,[1.8243401999934576],[1.824348900001496],6,10,82,10,419.9721219,,419.9572716,419.9721219,420.9725523,420.9725523,420.9725523,421.6898776,space,0.705557,None,421.6915932,0.4159247,0.7159143,422.4214067,422.4223141,422.4483525,422.4483525,422.4483525,424.27305,100,1,[1.8243401999934576],[1.824348900001496],1,1,2025-10-21_19h07.32.983,intentional_binding_exp,,2025.1.1,60.24956575,2025-10-21 19h07.44.775889 +0530
0.4,1000,exp,83,11,6,space,0.2612125,None,200,1,[2.6093194000131916],[2.609326300007524],6,11,83,4,424.2882835,,424.2733019,424.2882835,425.2882862,425.2882862,425.2882862,425.5564944,space,0.2612125,None,425.5595867,0.4150503,0.7147595,426.2833456,426.2842369,426.3135696,426.3135696,426.3135696,428.923215,200,1,[2.6093194000131916],[2.609326300007524],1,1,2025-10-21_19h07.32.983,intentional_binding_exp,,2025.1.1,60.24956575,2025-10-21 19h07.44.775889 +0530
0.1,400,unexp,84,0,7,space,0.2950239,None,100,1,[3.9310639000032097],[3.931070299993735],7,0,84,0,428.9380062,,428.9234458,428.9380062,429.9380862,429.9380862,429.9380862,430.2396639,space,0.2950239,None,430.2414905,0.1151368,0.4151832,430.6702383,430.6711175,430.706751,430.706751,430.706751,434.6381722,100,1,[3.9310639000032097],[3.931070299993735],1,1,2025-10-21_19h07.32.983,intentional_binding_exp,,2025.1.1,60.24956575,2025-10-21 19h07.44.775889 +0530
0.7,1000,exp,85,1,7,space,0.2910233,None,300,1,[2.1487903999804985],[2.148796499997843],7,1,85,5,434.6539806,,434.6384096,434.6539806,435.6539628,435.6539628,435.6539628,435.9543205,space,0.2910233,None,435.9551402,0.7000071,0.9999352,436.9694091,436.9702932,437.0056459,437.0056459,437.0056459,439.1548151,300,1,[2.1487903999804985],[2.148796499997843],1,1,2025-10-21_19h07.32.983,intentional_binding_exp,,2025.1.1,60.24956575,2025-10-21 19h07.44.775889 +0530
0.1,1000,exp,86,2,7,space,0.0023801,None,100,1,[2.2006733999878634],[2.20068129998981],7,2,86,3,439.1702561,,439.1550066,439.1702561,440.170118,440.170118,440.170118,440.1878608,space,0.0023801,None,440.1892534,0.099142,0.3998505,440.6022857,440.6031898,440.6376101,440.6376101,440.6376101,442.8387179,100,1,[2.2006733999878634],[2.20068129998981],1,1,2025-10-21_19h07.32.983,intentional_binding_exp,,2025.1.1,60.24956575,2025-10-21 19h07.44.775889 +0530
0.7,1000,exp,87,3,7,space,0.2919872,None,400,1,[2.043646299978718],[2.043653300002916],7,3,87,11,442.8532348,,442.838923,442.8532348,443.8532354,443.8532354,443.8532354,444.1537001,space,0.2919872,None,444.1542391,0.6992723,0.9993922,445.1691988,445.1698304,445.1930366,445.1930366,445.1930366,447.2369844,400,1,[2.043646299978718],[2.043653300002916],1,1,2025-10-21_19h07.32.983,intentional_binding_exp,,2025.1.1,60.24956575,2025-10-21 19h07.44.775889 +0530
0.4,1000,exp,88,4,7,space,0.2360418,None,200,1,[1.6504939000005834],[1.650509700004477],7,4,88,7,447.2529938,,447.2373432,447.2529938,448.2529792,448.2529792,448.2529792,448.5037497,space,0.2360418,None,448.5052659,0.3991005,0.6988465,449.22261,449.2234282,449.2539745,449.2539745,449.2539745,450.9049939,200,1,[1.6504939000005834],[1.650509700004477],1,1,2025-10-21_19h07.32.983,intentional_binding_exp,,2025.1.1,60.24956575,2025-10-21 19h07.44.775889 +0530
0.4,1000,exp,89,5,7,space,0.2918265,None,200,1,[1.5322302999848034],[1.5322379999852274],7,5,89,10,450.9189288,,450.905451,450.9189288,451.9189556,451.9189556,451.9189556,452.2193624,space,0.2918265,None,452.2199667,0.3993709,0.6998558,452.9309635,452.9318985,452.9717378,452.9717378,452.9717378,454.5042552,200,1,[1.5322302999848034],[1.5322379999852274],1,1,2025-10-21_19h07.32.983,intentional_binding_exp,,2025.1.1,60.24956575,2025-10-21 19h07.44.775889 +0530
0.4,1000,exp,90,6,7,space,0.1489525,None,100,1,[4.110941499995533],[4.110955099982675],7,6,90,4,454.5186782,,454.5044665,454.5186782,455.5184575,455.5184575,455.5184575,455.6688912,space,0.1489525,None,455.6697955,0.3996827,0.6992297,456.3794434,456.3797839,456.3910445,456.3910445,456.3910445,460.5023522,100,1,[4.110941499995533],[4.110955099982675],1,1,2025-10-21_19h07.32.983,intentional_binding_exp,,2025.1.1,60.24956575,2025-10-21 19h07.44.775889 +0530
0.1,1000,exp,91,7,7,space,0.2507903,None,100,1,[1.415279000008013],[1.4152885999938007],7,7,91,6,460.5178069,,460.5026712,460.5178069,461.5014167,461.5014167,461.5183777,461.7688052,space,0.2507903,None,461.7699637,0.0992466,0.3992575,462.1794969,462.1801484,462.203527,462.203527,462.203527,463.6190897,100,1,[1.415279000008013],[1.4152885999938007],1,1,2025-10-21_19h07.32.983,intentional_binding_exp,,2025.1.1,60.24956575,2025-10-21 19h07.44.775889 +0530
0.7,400,unexp,92,8,7,space,0.1142128,None,300,1,[1.5356735000095796],[1.5356901999912225],7,8,92,2,463.6344212,,463.6192781,463.6344212,464.6345539,464.6345539,464.6345539,464.7517406,space,0.1142128,None,464.7529976,0.6992845,0.9993873,465.763877,465.7647653,465.8006844,465.8006844,465.8006844,467.3375353,300,1,[1.5356735000095796],[1.5356901999912225],1,1,2025-10-21_19h07.32.983,intentional_binding_exp,,2025.1.1,60.24956575,2025-10-21 19h07.44.775889 +0530
0.7,1000,exp,93,9,7,space,0.3091983,None,200,1,[5.485845099989092],[5.485851899982663],7,9,93,8,467.3506033,,467.3390626,467.3506033,468.3504805,468.3504805,468.3504805,468.6676485,space,0.3091983,None,468.6683468,0.7002145,1.0000776,469.6791935,469.680111,469.7149045,469.7149045,469.7149045,475.2010817,200,1,[5.485845099989092],[5.485851899982663],1,1,2025-10-21_19h07.32.983,intentional_binding_exp,,2025.1.1,60.24956575,2025-10-21 19h07.44.775889 +0530
0.1,1000,exp,94,10,7,space,0.2830493,None,300,1,[1.8578273000021],[1.8578475000103936],7,10,94,9,475.2166139,,475.2012886,475.2166139,476.2002453,476.2002453,476.217061,476.5003884,space,0.2830493,None,476.5009975,0.09941,0.3999364,476.9193235,476.9199574,476.9463639,476.9463639,476.9463639,478.8049064,300,1,[1.8578273000021],[1.8578475000103936],1,1,2025-10-21_19h07.32.983,intentional_binding_exp,,2025.1.1,60.24956575,2025-10-21 19h07.44.775889 +0530
0.4,400,unexp,95,11,7,space,0.2974498,None,400,1,[2.2253515999764204],[2.2253621999989264],7,11,95,1,478.8164115,,478.8055415,478.8164115,479.8166157,479.8166157,479.8166157,480.1185898,space,0.2974498,None,480.1206738,0.4140515,0.714357,480.8526799,480.8533625,480.8754526,480.8754526,480.8754526,483.1012126,400,1,[2.2253515999764204],[2.2253621999989264],1,1,2025-10-21_19h07.32.983,intentional_binding_exp,,2025.1.1,60.24956575,2025-10-21 19h07.44.775889 +0530
0.7,400,unexp,96,0,8,space,0.2652767,None,200,1,[2.0256447000137996],[2.0256563000148162],8,0,96,2,483.1156906,,483.1015098,483.1156906,484.1158502,484.1158502,484.1158502,484.3838812,space,0.2652767,None,484.3865387,0.7152741,1.0155206,485.4110938,485.4114313,485.4237393,485.4237393,485.4237393,487.4497992,200,1,[2.0256447000137996],[2.0256563000148162],1,1,2025-10-21_19h07.32.983,intentional_binding_exp,,2025.1.1,60.24956575,2025-10-21 19h07.44.775889 +0530
0.4,1000,exp,97,1,8,space,0.190231,None,200,1,[2.252623400010634],[2.252630600007251],8,1,97,7,487.4654966,,487.4501485,487.4654966,488.4654857,488.4654857,488.4654857,488.6656125,space,0.190231,None,488.6665397,0.3997735,0.6994734,489.3815074,489.38184,489.3974762,489.3974762,489.3974762,491.650423,200,1,[2.252623400010634],[2.252630600007251],1,1,2025-10-21_19h07.32.983,intentional_binding_exp,,2025.1.1,60.24956575,2025-10-21 19h07.44.775889 +0530
0.1,400,unexp,98,2,8,space,0.4398427,None,300,1,[2.226739700010512],[2.2267462000017986],8,2,98,0,491.6649398,,491.6506247,491.6649398,492.6652149,492.6652149,492.6652149,493.1169597,space,0.4398427,None,493.1201619,0.114616,0.4144163,493.5478933,493.5485419,493.571758,493.571758,493.571758,495.7988135,300,1,[2.226739700010512],[2.2267462000017986],1,1,2025-10-21_19h07.32.983,intentional_binding_exp,,2025.1.1,60.24956575,2025-10-21 19h07.44.775889 +0530
0.1,1000,exp,99,3,8,space,0.3303899,None,100,1,[3.221690000005765],[3.221696799999336],8,3,99,3,495.8145177,,495.7990492,495.8145177,496.7980826,496.7980826,496.8145113,497.1316451,space,0.3303899,None,497.1331169,0.0994933,0.3996081,497.5516054,497.5522718,497.5761805,497.5761805,497.5761805,500.7981944,100,1,[3.221690000005765],[3.221696799999336],1,1,2025-10-21_19h07.32.983,intentional_binding_exp,,2025.1.1,60.24956575,2025-10-21 19h07.44.775889 +0530
0.1,1000,exp,100,4,8,space,0.263624,None,100,1,[1.5653660999960266],[1.5653746000025421],8,4,100,9,500.8140702,,500.79843,500.8140702,501.8139906,501.8139906,501.8139906,502.0811705,space,0.263624,None,502.0821918,0.0992528,0.3995473,502.4901209,502.4911732,502.5324224,502.5324224,502.5324224,504.0981233,100,1,[1.5653660999960266],[1.5653746000025421],1,1,2025-10-21_19h07.32.983,intentional_binding_exp,,2025.1.1,60.24956575,2025-10-21 19h07.44.775889 +0530
0.4,400,unexp,101,5,8,space,0.3300608,None,300,1,[3.372608899982879],[3.372615999978734],8,5,101,1,504.1136257,,504.0984,504.1136257,505.1135818,505.1135818,505.1135818,505.4485843,space,0.3300608,None,505.4503984,0.4148789,0.7153387,506.1806807,506.1815644,506.2250302,506.2250302,506.2250302,509.5979272,300,1,[3.372608899982879],[3.372615999978734],1,1,2025-10-21_19h07.32.983,intentional_binding_exp,,2025.1.1,60.24956575,2025-10-21 19h07.44.775889 +0530
0.4,1000,exp,102,6,8,space,0.0354389,None,400,1,[2.227267500013113],[2.2272740000043996],8,6,102,10,509.6130713,,509.5981249,509.6130713,510.6135187,510.6135187,510.6135187,510.6644272,space,0.0354389,None,510.6673223,0.4152565,0.7156047,511.3899111,511.3907846,511.4194553,511.4194553,511.4194553,513.6469968,400,1,[2.227267500013113],[2.2272740000043996],1,1,2025-10-21_19h07.32.983,intentional_binding_exp,,2025.1.1,60.24956575,2025-10-21 19h07.44.775889 +0530
0.4,1000,exp,103,7,8,space,0.2634986,None,200,1,[2.639315099979285],[2.6393256000010297],8,7,103,4,513.6624958,,513.6471946,513.6624958,514.6627601,514.6627601,514.6627601,514.9296237,space,0.2634986,None,514.9302008,0.4000061,0.6998887,515.6398136,515.6406772,515.6737283,515.6737283,515.6737283,518.3134597,200,1,[2.639315099979285],[2.6393256000010297],1,1,2025-10-21_19h07.32.983,intentional_binding_exp,,2025.1.1,60.24956575,2025-10-21 19h07.44.775889 +0530
0.1,1000,exp,104,8,8,space,0.2968925,None,200,1,[1.4770615000161342],[1.477068700012751],8,8,104,6,518.3288399,,518.3137502,518.3288399,519.3291914,519.3291914,519.3291914,519.6302622,space,0.2968925,None,519.6319776,0.1153251,0.4151447,520.0619263,520.0625229,520.0858268,520.0858268,520.0858268,521.5632211,200,1,[1.4770615000161342],[1.477068700012751],1,1,2025-10-21_19h07.32.983,intentional_binding_exp,,2025.1.1,60.24956575,2025-10-21 19h07.44.775889 +0530
0.7,1000,exp,105,9,8,space,0.2461118,None,400,1,[1.5840906999947038],[1.5840994000027422],8,9,105,11,521.5788575,,521.5634766,521.5788575,522.5789238,522.5789238,522.5789238,522.8297129,space,0.2461118,None,522.8314408,0.7158462,1.0156963,523.8633204,523.8641843,523.89471,523.89471,523.89471,525.479128,400,1,[1.5840906999947038],[1.5840994000027422],1,1,2025-10-21_19h07.32.983,intentional_binding_exp,,2025.1.1,60.24956575,2025-10-21 19h07.44.775889 +0530
0.7,1000,exp,106,10,8,space,0.2815245,None,500,1,[1.7068212000012863],[1.706849100010004],8,10,106,8,525.4948831,,525.4794317,525.4948831,526.4785826,526.4785826,526.4952998,526.7617075,space,0.2815245,None,526.7626286,0.6998704,0.999483,527.7782135,527.7785663,527.7894056,527.7894056,527.7894056,529.4968946,500,1,[1.7068212000012863],[1.706849100010004],1,1,2025-10-21_19h07.32.983,intentional_binding_exp,,2025.1.1,60.24956575,2025-10-21 19h07.44.775889 +0530
0.7,1000,exp,107,11,8,space,0.2711722,None,400,1,[1.7373752999992575],[1.737381999992067],8,11,107,5,529.5109299,,529.4973822,529.5109299,530.5112188,530.5112188,530.5112188,530.7956286,space,0.2711722,None,530.7985886,0.699103,0.9990438,531.8097981,531.8107159,531.8420392,531.8420392,531.8420392,533.5797833,400,1,[1.7373752999992575],[1.737381999992067],1,1,2025-10-21_19h07.32.983,intentional_binding_exp,,2025.1.1,60.24956575,2025-10-21 19h07.44.775889 +0530
0.1,1000,exp,108,0,9,space,0.2570457,None,100,1,[1.6597818000009283],[1.659788099990692],9,0,108,9,533.5943028,,533.5799847,533.5943028,534.5943999,534.5943999,534.5943999,534.8616466,space,0.2570457,None,534.8633552,0.0993041,0.3992393,535.2721017,535.2732772,535.3012483,535.3012483,535.3012483,536.9613071,100,1,[1.6597818000009283],[1.659788099990692],1,1,2025-10-21_19h07.32.983,intentional_binding_exp,,2025.1.1,60.24956575,2025-10-21 19h07.44.775889 +0530
0.1,1000,exp,109,1,9,space,0.2476852,None,100,1,[1.2049450000049546],[1.2049541000160389],9,1,109,3,536.9770458,,536.961519,536.9770458,537.9607353,537.9607353,537.977508,538.2113825,space,0.2476852,None,538.213128,0.0992388,0.3991351,538.6219212,538.622804,538.6557899,538.6557899,538.6557899,539.8611239,100,1,[1.2049450000049546],[1.2049541000160389],1,1,2025-10-21_19h07.32.983,intentional_binding_exp,,2025.1.1,60.24956575,2025-10-21 19h07.44.775889 +0530
0.4,1000,exp,110,2,9,space,0.2334354,None,200,1,[2.4932979000150226],[2.4933051000116393],9,2,110,10,539.8765003,,539.8614447,539.8765003,540.8766471,540.8766471,540.8766471,541.1113933,space,0.2334354,None,541.1137374,0.4161395,0.7160522,541.8415161,541.8424658,541.8687892,541.8687892,541.8687892,544.3623719,200,1,[2.4932979000150226],[2.4933051000116393],1,1,2025-10-21_19h07.32.983,intentional_binding_exp,,2025.1.1,60.24956575,2025-10-21 19h07.44.775889 +0530
0.7,1000,exp,111,3,9,space,0.2644574,None,300,1,[1.3829822999832686],[1.3829896999814082],9,3,111,11,544.3764838,,544.3625932,544.3764838,545.3765344,545.3765344,545.3765344,545.6437392,space,0.2644574,None,545.645279,0.6993692,0.9993463,546.6609908,546.6617926,546.6946595,546.6946595,546.6946595,548.0780257,300,1,[1.3829822999832686],[1.3829896999814082],1,1,2025-10-21_19h07.32.983,intentional_binding_exp,,2025.1.1,60.24956575,2025-10-21 19h07.44.775889 +0530
0.7,1000,exp,112,4,9,space,0.2353304,None,200,1,[1.8865052000037394],[1.8865111999912187],9,4,112,8,548.0925549,,548.0783372,548.0925549,549.0925417,549.0925417,549.0925417,549.3440833,space,0.2353304,None,549.346982,0.7151195,1.0152589,550.3703008,550.3712081,550.4061876,550.4061876,550.4061876,552.2930295,200,1,[1.8865052000037394],[1.8865111999912187],1,1,2025-10-21_19h07.32.983,intentional_binding_exp,,2025.1.1,60.24956575,2025-10-21 19h07.44.775889 +0530
0.7,1000,exp,113,5,9,space,0.2594492,None,400,1,[4.235088799992809],[4.235098999983165],9,5,113,5,552.3087908,,552.2932218,552.3087908,553.2926606,553.2926606,553.3090868,553.5611724,space,0.2594492,None,553.5633866,0.7141116,1.013804,554.5894676,554.590014,554.6071839,554.6071839,554.6071839,558.8426744,400,1,[4.235088799992809],[4.235098999983165],1,1,2025-10-21_19h07.32.983,intentional_binding_exp,,2025.1.1,60.24956575,2025-10-21 19h07.44.775889 +0530
0.4,1000,exp,114,6,9,space,0.167699,None,300,1,[2.167722499987576],[2.1677297999849543],9,6,114,7,558.8580482,,558.8429676,558.8580482,559.8416931,559.8416931,559.85827,560.0267483,space,0.167699,None,560.0292492,0.4142995,0.7144886,560.7511387,560.7516863,560.7741488,560.7741488,560.7741488,562.9421413,300,1,[2.167722499987576],[2.1677297999849543],1,1,2025-10-21_19h07.32.983,intentional_binding_exp,,2025.1.1,60.24956575,2025-10-21 19h07.44.775889 +0530
0.4,1000,exp,115,7,9,space,0.1425919,None,200,1,[1.511134000000311],[1.5111455000005662],9,7,115,4,562.957854,,562.942351,562.957854,563.941523,563.941523,563.958147,564.092671,space,0.1425919,None,564.0943979,0.415458,0.7155549,564.822261,564.82333,564.8475365,564.8475365,564.8475365,566.3591097,200,1,[1.511134000000311],[1.5111455000005662],1,1,2025-10-21_19h07.32.983,intentional_binding_exp,,2025.1.1,60.24956575,2025-10-21 19h07.44.775889 +0530
0.7,400,unexp,116,8,9,space,0.2789572,None,400,1,[1.828441899997415],[1.828458200005116],9,8,116,2,566.3744409,,566.3594758,566.3744409,567.3741901,567.3741901,567.3741901,567.6577763,space,0.2789572,None,567.658938,0.699616,0.9993756,568.6725297,568.6731693,568.6960397,568.6960397,568.6960397,570.5251987,400,1,[1.828441899997415],[1.828458200005116],1,1,2025-10-21_19h07.32.983,intentional_binding_exp,,2025.1.1,60.24956575,2025-10-21 19h07.44.775889 +0530
0.4,400,unexp,117,9,9,space,0.2482239,None,100,1,[1.846647500002291],[1.8466592999757268],9,9,117,1,570.5402935,,570.5257485,570.5402935,571.5403613,571.5403613,571.5403613,571.7905123,space,0.2482239,None,571.7911044,0.3996498,0.6996315,572.4999823,572.5002675,572.5111047,572.5111047,572.5111047,574.3580149,100,1,[1.846647500002291],[1.8466592999757268],1,1,2025-10-21_19h07.32.983,intentional_binding_exp,,2025.1.1,60.24956575,2025-10-21 19h07.44.775889 +0530
0.1,1000,exp,118,10,9,space,0.179163,None,100,1,[1.4322289999981876],[1.4322357999917585],9,10,118,6,574.3734736,,574.3582008,574.3734736,575.3736472,575.3736472,575.3736472,575.5582615,space,0.179163,None,575.560407,0.1154543,0.4148753,575.9894513,575.9900357,576.0085932,576.0085932,576.0085932,577.4411026,100,1,[1.4322289999981876],[1.4322357999917585],1,1,2025-10-21_19h07.32.983,intentional_binding_exp,,2025.1.1,60.24956575,2025-10-21 19h07.44.775889 +0530
0.1,400,unexp,119,11,9,space,0.276027,None,100,1,[1.8668495999881998],[1.8668611999892164],9,11,119,0,577.4563037,,577.4413365,577.4563037,578.4568842,578.4568842,578.4568842,578.7408057,space,0.276027,None,578.7425072,0.0994234,0.3990964,579.1599343,579.1608573,579.1900202,579.1900202,579.1900202,581.0572879,100,1,[1.8668495999881998],[1.8668611999892164],1,1,2025-10-21_19h07.32.983,intentional_binding_exp,,2025.1.1,60.24956575,2025-10-21 19h07.44.775889 +0530
0.1,1000,exp,120,0,10,space,0.2239147,None,100,1,[2.0283205999876373],[2.0283268000057433],10,0,120,6,581.0727103,,581.0576716,581.0727103,582.0729491,582.0729491,582.0729491,582.3070372,space,0.2239147,None,582.3082843,0.1156261,0.4154645,582.7395742,582.7405079,582.7616428,582.7616428,582.7616428,584.7902557,100,1,[2.0283205999876373],[2.0283268000057433],1,1,2025-10-21_19h07.32.983,intentional_binding_exp,,2025.1.1,60.24956575,2025-10-21 19h07.44.775889 +0530
0.7,1000,exp,121,1,10,space,0.2830163,None,300,1,[2.1454813000163995],[2.1454991000064183],10,1,121,11,584.8057972,,584.7904696,584.8057972,585.8059952,585.8059952,585.8059952,586.1060602,space,0.2830163,None,586.1071426,0.6995594,1.000062,587.1191423,587.1200804,587.1619925,587.1619925,587.1619925,589.3082252,300,1,[2.1454813000163995],[2.1454991000064183],1,1,2025-10-21_19h07.32.983,intentional_binding_exp,,2025.1.1,60.24956575,2025-10-21 19h07.44.775889 +0530
0.4,1000,exp,122,2,10,space,0.1516372,None,200,1,[1.3891220999939833],[1.3891401999862865],10,2,122,4,589.3218072,,589.3088647,589.3218072,590.3220762,590.3220762,590.3220762,590.4893372,space,0.1516372,None,590.4909426,0.3992295,0.6991204,591.2019538,591.2027585,591.2348102,591.2348102,591.2348102,592.6246181,200,1,[1.3891220999939833],[1.3891401999862865],1,1,2025-10-21_19h07.32.983,intentional_binding_exp,,2025.1.1,60.24956575,2025-10-21 19h07.44.775889 +0530
0.1,1000,exp,123,3,10,space,0.2019357,None,100,1,[1.3846647000173107],[1.3846745000046212],10,3,123,9,592.6381766,,592.6253994,592.6381766,593.6385861,593.6385861,593.6385861,593.8561377,space,0.2019357,None,593.8591718,0.1156871,0.4154619,594.2818508,594.2827164,594.3204827,594.3204827,594.3204827,595.7055848,100,1,[1.3846647000173107],[1.3846745000046212],1,1,2025-10-21_19h07.32.983,intentional_binding_exp,,2025.1.1,60.24956575,2025-10-21 19h07.44.775889 +0530
0.7,400,unexp,124,4,10,space,0.1796285,None,400,1,[1.5784631000133231],[1.5784702000091784],10,4,124,2,595.7212236,,595.706072,595.7212236,596.7049316,596.7049316,596.7214369,596.8897483,space,0.1796285,None,596.8914212,0.7148252,1.0145061,597.9191746,597.9198748,597.9430184,597.9430184,597.9430184,599.521767,400,1,[1.5784631000133231],[1.5784702000091784],1,1,2025-10-21_19h07.32.983,intentional_binding_exp,,2025.1.1,60.24956575,2025-10-21 19h07.44.775889 +0530
0.4,1000,exp,125,5,10,space,0.2986376,None,300,1,[3.2857749999966472],[3.28578840001137],10,5,125,7,599.5376737,,599.521997,599.5376737,600.5210997,600.5210997,600.5378176,600.8220259,space,0.2986376,None,600.8237235,0.4157857,0.7159516,601.5490306,601.5498835,601.5849802,601.5849802,601.5849802,604.8713282,300,1,[3.2857749999966472],[3.28578840001137],1,1,2025-10-21_19h07.32.983,intentional_binding_exp,,2025.1.1,60.24956575,2025-10-21 19h07.44.775889 +0530
0.7,1000,exp,126,6,10,space,0.3203912,None,300,1,[2.8706867000146303],[2.870692600001348],10,6,126,5,604.8868553,,604.8717858,604.8868553,605.8705286,605.8705286,605.8872963,606.2038544,space,0.3203912,None,606.2044378,0.6999992,0.9996858,607.2213817,607.2217037,607.2332662,607.2332662,607.2332662,610.1042082,300,1,[2.8706867000146303],[2.870692600001348],1,1,2025-10-21_19h07.32.983,intentional_binding_exp,,2025.1.1,60.24956575,2025-10-21 19h07.44.775889 +0530
0.7,1000,exp,127,7,10,space,0.2799204,None,200,1,[2.238412100006826],[2.238428100012243],10,7,127,8,610.1200872,,610.1043965,610.1200872,611.1034504,611.1034504,611.119974,611.3882403,space,0.2799204,None,611.3899839,0.714732,1.0145482,612.4187276,612.4191863,612.4349232,612.4349232,612.4349232,614.673926,200,1,[2.238412100006826],[2.238428100012243],1,1,2025-10-21_19h07.32.983,intentional_binding_exp,,2025.1.1,60.24956575,2025-10-21 19h07.44.775889 +0530
0.4,400,unexp,128,8,10,space,0.2021784,None,200,1,[1.8678557999955956],[1.8678618000121787],10,8,128,1,614.6862452,,614.6743871,614.6862452,615.6857342,615.6857342,615.6857342,615.9033566,space,0.2021784,None,615.9045235,0.3994278,0.6993458,616.6199147,616.6207794,616.6526303,616.6526303,616.6526303,618.5207988,200,1,[1.8678557999955956],[1.8678618000121787],1,1,2025-10-21_19h07.32.983,intentional_binding_exp,,2025.1.1,60.24956575,2025-10-21 19h07.44.775889 +0530
0.1,400,unexp,129,9,10,space,0.2679875,None,100,1,[1.9802039999922272],[1.98021300000255],10,9,129,0,618.5353517,,618.521004,618.5353517,619.5358289,619.5358289,619.5358289,619.8191976,space,0.2679875,None,619.8201311,0.0995145,0.3998273,620.2338355,620.2347514,620.2720436,620.2720436,620.2720436,622.2526394,100,1,[1.9802039999922272],[1.98021300000255],1,1,2025-10-21_19h07.32.983,intentional_binding_exp,,2025.1.1,60.24956575,2025-10-21 19h07.44.775889 +0530
0.1,1000,exp,130,10,10,space,0.268928,None,200,1,[1.9089209000230767],[1.908926700009033],10,10,130,3,622.2683174,,622.2529424,622.2683174,623.2517758,623.2517758,623.2681966,623.5355831,space,0.268928,None,623.5363956,0.0994492,0.399589,623.9478103,623.9481426,623.9599283,623.9599283,623.9599283,625.869083,200,1,[1.9089209000230767],[1.908926700009033],1,1,2025-10-21_19h07.32.983,intentional_binding_exp,,2025.1.1,60.24956575,2025-10-21 19h07.44.775889 +0530
0.4,1000,exp,131,11,10,space,0.2739172,None,100,1,[1.8999315999972168],[1.8999498000193853],10,11,131,10,625.8851763,,625.8692884,625.8851763,626.8846399,626.8846399,626.8846399,627.1683865,space,0.2739172,None,627.1693806,0.3993669,0.6992374,627.8770841,627.8774214,627.8885556,627.8885556,627.8885556,629.7890964,100,1,[1.8999315999972168],[1.8999498000193853],1,1,2025-10-21_19h07.32.983,intentional_binding_exp,,2025.1.1,60.24956575,2025-10-21 19h07.44.775889 +0530
0.4,1000,exp,132,0,11,space,0.2663954,None,100,1,[1.5513199999986682],[1.5513297999859788],11,0,132,4,629.8009245,,629.7896271,629.8009245,630.8010975,630.8010975,630.8010975,631.0692935,space,0.2663954,None,631.0711638,0.4153234,0.7153621,631.7999433,631.8008176,631.834231,631.834231,631.834231,633.3859168,100,1,[1.5513199999986682],[1.5513297999859788],1,1,2025-10-21_19h07.32.983,intentional_binding_exp,,2025.1.1,60.24956575,2025-10-21 19h07.44.775889 +0530
0.4,1000,exp,133,1,11,space,0.2483766,None,200,1,[1.408117199986009],[1.4081298999954015],11,1,133,10,633.4008715,,633.3861892,633.4008715,634.4008217,634.4008217,634.4008217,634.6510167,space,0.2483766,None,634.651795,0.3994198,0.6994931,635.3619176,635.3623233,635.3775885,635.3775885,635.3775885,636.7861676,200,1,[1.408117199986009],[1.4081298999954015],1,1,2025-10-21_19h07.32.983,intentional_binding_exp,,2025.1.1,60.24956575,2025-10-21 19h07.44.775889 +0530
0.1,400,unexp,134,2,11,space,0.2062664,None,200,1,[3.023729499982437],[3.0237354999990202],11,2,134,0,636.8007479,,636.7865753,636.8007479,637.8004088,637.8004088,637.8004088,638.018508,space,0.2062664,None,638.020737,0.1151635,0.4154413,638.449443,638.4504117,638.4769824,638.4769824,638.4769824,641.5009817,200,1,[3.023729499982437],[3.0237354999990202],1,1,2025-10-21_19h07.32.983,intentional_binding_exp,,2025.1.1,60.24956575,2025-10-21 19h07.44.775889 +0530
0.7,1000,exp,135,3,11,space,0.1024781,None,300,1,[1.9342565999832004],[1.9342631999752484],11,3,135,11,641.5163257,,641.5011966,641.5163257,642.499865,642.499865,642.5165211,642.618629,space,0.1024781,None,642.6203794,0.7148266,1.0147442,643.6490317,643.6499529,643.6827462,643.6827462,643.6827462,645.6173648,300,1,[1.9342565999832004],[1.9342631999752484],1,1,2025-10-21_19h07.32.983,intentional_binding_exp,,2025.1.1,60.24956575,2025-10-21 19h07.44.775889 +0530
0.1,1000,exp,136,4,11,space,0.8315496,None,100,1,[2.0643835999944713],[2.06438930000877],11,4,136,9,645.6329024,,645.6175925,645.6329024,646.6331681,646.6331681,646.6331681,647.4680812,space,0.8315496,None,647.4706416,0.1143803,0.4149676,647.9016444,647.9025197,647.9354683,647.9354683,647.9354683,650.0002585,100,1,[2.0643835999944713],[2.06438930000877],1,1,2025-10-21_19h07.32.983,intentional_binding_exp,,2025.1.1,60.24956575,2025-10-21 19h07.44.775889 +0530
0.7,1000,exp,137,5,11,space,0.23302,None,300,1,[1.2845562000002246],[1.284583600005135],11,5,137,8,650.015789,,650.0004573,650.015789,651.0160072,651.0160072,651.0160072,651.250642,space,0.23302,None,651.2523681,0.7159412,1.0155308,652.2822651,652.2831786,652.3205495,652.3205495,652.3205495,653.6070533,300,1,[1.2845562000002246],[1.284583600005135],1,1,2025-10-21_19h07.32.983,intentional_binding_exp,,2025.1.1,60.24956575,2025-10-21 19h07.44.775889 +0530
0.4,400,unexp,138,6,11,space,0.265348,None,400,1,[2.528944899997441],[2.528951500018593],11,6,138,1,653.6154072,,653.6076599,653.6154072,654.6157656,654.6157656,654.6157656,654.8831899,space,0.265348,None,654.8848792,0.4152279,0.7156352,655.6189809,655.6199052,655.6532716,655.6532716,655.6532716,658.1824867,400,1,[2.528944899997441],[2.528951500018593],1,1,2025-10-21_19h07.32.983,intentional_binding_exp,,2025.1.1,60.24956575,2025-10-21 19h07.44.775889 +0530
0.1,1000,exp,139,7,11,space,0.2441824,None,200,1,[1.7111658000212628],[1.7111730000178795],11,7,139,3,658.1982996,,658.1826836,658.1982996,659.1982285,659.1982285,659.1982285,659.4486535,space,0.2441824,None,659.4497456,0.0997356,0.3997535,659.8601046,659.861006,659.8881112,659.8881112,659.8881112,661.5995637,200,1,[1.7111658000212628],[1.7111730000178795],1,1,2025-10-21_19h07.32.983,intentional_binding_exp,,2025.1.1,60.24956575,2025-10-21 19h07.44.775889 +0530
0.7,400,unexp,140,8,11,space,0.2422861,None,500,1,[1.6512785999802873],[1.651288499997463],11,8,140,2,661.6144828,,661.5997909,661.6144828,662.6145118,662.6145118,662.6145118,662.865765,space,0.2422861,None,662.8687759,0.7156498,1.0155665,663.9009195,663.9018141,663.9354316,663.9354316,663.9354316,665.5870851,500,1,[1.6512785999802873],[1.651288499997463],1,1,2025-10-21_19h07.32.983,intentional_binding_exp,,2025.1.1,60.24956575,2025-10-21 19h07.44.775889 +0530
0.1,1000,exp,141,9,11,space,0.2505941,None,100,1,[1.9250832000107039],[1.9250988000130747],11,9,141,6,665.5973183,,665.5873513,665.5973183,666.5971667,666.5971667,666.5971667,666.8643175,space,0.2505941,None,666.8648928,0.0997027,0.3995812,667.2815009,667.2821336,667.3063813,667.3063813,667.3063813,669.232054,100,1,[1.9250832000107039],[1.9250988000130747],1,1,2025-10-21_19h07.32.983,intentional_binding_exp,,2025.1.1,60.24956575,2025-10-21 19h07.44.775889 +0530
0.7,1000,exp,142,10,11,space,0.2765656,None,400,1,[1.8493468000087887],[1.8493530999985524],11,10,142,5,669.2470501,,669.2325324,669.2470501,670.2474916,670.2474916,670.2474916,670.5317832,space,0.2765656,None,670.5334723,0.7154914,1.0151455,671.559342,671.5599273,671.5813935,671.5813935,671.5813935,673.4311231,400,1,[1.8493468000087887],[1.8493530999985524],1,1,2025-10-21_19h07.32.983,intentional_binding_exp,,2025.1.1,60.24956575,2025-10-21 19h07.44.775889 +0530
0.4,1000,exp,143,11,11,space,0.281483,None,200,1,[1.6776319000055082],[1.6776419000234455],11,11,143,7,673.4467773,,673.4313839,673.4467773,674.4469405,674.4469405,674.4469405,674.7300863,space,0.281483,None,674.7306822,0.4001497,0.6997633,675.440836,675.4411643,675.454141,675.454141,675.454141,677.132122,200,1,[1.6776319000055082],[1.6776419000234455],1,1,2025-10-21_19h07.32.983,intentional_binding_exp,,2025.1.1,60.24956575,2025-10-21 19h07.44.775889 +0530
0.1,1000,exp,144,0,12,space,0.2942852,None,100,1,[1.708054099988658],[1.7080660999927204],12,0,144,9,677.1461603,,677.1324212,677.1461603,678.1464943,678.1464943,678.1464943,678.447826,space,0.2942852,None,678.4494786,0.1153302,0.4154225,678.8789332,678.8799515,678.9067376,678.9067376,678.9067376,680.6152287,100,1,[1.708054099988658],[1.7080660999927204],1,1,2025-10-21_19h07.32.983,intentional_binding_exp,,2025.1.1,60.24956575,2025-10-21 19h07.44.775889 +0530
0.7,1000,exp,145,1,12,space,0.1924217,None,400,1,[2.0531307000201195],[2.0531375000136904],12,1,145,11,680.6293474,,680.6161439,680.6293474,681.6295855,681.6295855,681.6295855,681.8296679,space,0.1924217,None,681.8307561,0.6993912,0.9993302,682.8386433,682.8392531,682.8598099,682.8598099,682.8598099,684.9134081,400,1,[2.0531307000201195],[2.0531375000136904],1,1,2025-10-21_19h07.32.983,intentional_binding_exp,,2025.1.1,60.24956575,2025-10-21 19h07.44.775889 +0530
0.1,1000,exp,146,2,12,space,0.4091428,None,200,1,[2.0959347000170965],[2.0959504999918863],12,2,146,3,684.9286538,,684.9136102,684.9286538,685.9288801,685.9288801,685.9288801,686.3471372,space,0.4091428,None,686.3500565,0.1153117,0.4152448,686.7820838,686.7829942,686.8196069,686.8196069,686.8196069,688.9162683,200,1,[2.0959347000170965],[2.0959504999918863],1,1,2025-10-21_19h07.32.983,intentional_binding_exp,,2025.1.1,60.24956575,2025-10-21 19h07.44.775889 +0530
0.4,400,unexp,147,3,12,space,0.3777473,None,300,1,[1.5540193000051659],[1.5540259999979753],12,3,147,1,688.9284432,,688.9170614,688.9284432,689.9283317,689.9283317,689.9283317,690.3123859,space,0.3777473,None,690.3142251,0.3993877,0.699603,691.031671,691.0326899,691.0583762,691.0583762,691.0583762,692.6126999,300,1,[1.5540193000051659],[1.5540259999979753],1,1,2025-10-21_19h07.32.983,intentional_binding_exp,,2025.1.1,60.24956575,2025-10-21 19h07.44.775889 +0530
0.4,1000,exp,148,4,12,space,0.3805088,None,200,1,[1.6091520999907516],[1.609158799983561],12,4,148,10,692.6280897,,692.6129458,692.6280897,693.6285791,693.6285791,693.6285791,694.0125491,space,0.3805088,None,694.0143061,0.4152183,0.7152723,694.7404635,694.7408158,694.7526028,694.7526028,694.7526028,696.3620238,200,1,[1.6091520999907516],[1.609158799983561],1,1,2025-10-21_19h07.32.983,intentional_binding_exp,,2025.1.1,60.24956575,2025-10-21 19h07.44.775889 +0530
0.7,400,unexp,149,5,12,space,0.3587904,None,400,1,[1.5689882999868132],[1.5689957999857143],12,5,149,2,696.3779211,,696.3623098,696.3779211,697.3778408,697.3778408,697.3778408,697.7449353,space,0.3587904,None,697.7466142,0.6998723,0.9998304,698.7599835,698.7608796,698.7950043,698.7950043,698.7950043,700.3642844,400,1,[1.5689882999868132],[1.5689957999857143],1,1,2025-10-21_19h07.32.983,intentional_binding_exp,,2025.1.1,60.24956575,2025-10-21 19h07.44.775889 +0530
0.1,1000,exp,150,6,12,space,0.260937,None,100,1,[1.7331134999985807],[1.7331249999988358],12,6,150,6,700.3771871,,700.3645284,700.3771871,701.3775456,701.3775456,701.3775456,701.6452162,space,0.260937,None,701.6479759,0.0991334,0.3985645,702.0595319,702.0601499,702.080169,702.080169,702.080169,703.8136982,100,1,[1.7331134999985807],[1.7331249999988358],1,1,2025-10-21_19h07.32.983,intentional_binding_exp,,2025.1.1,60.24956575,2025-10-21 19h07.44.775889 +0530
0.7,1000,exp,151,7,12,space,0.2756516,None,200,1,[1.5171129000082146],[1.5171197000017855],12,7,151,8,703.8268447,,703.8140487,703.8268447,704.827409,704.827409,704.827409,705.1112377,space,0.2756516,None,705.1129456,0.6992175,0.9988326,706.1207865,706.1213714,706.1435058,706.1435058,706.1435058,707.6608828,200,1,[1.5171129000082146],[1.5171197000017855],1,1,2025-10-21_19h07.32.983,intentional_binding_exp,,2025.1.1,60.24956575,2025-10-21 19h07.44.775889 +0530
0.4,1000,exp,152,8,12,space,0.2543731,None,200,1,[2.402937800012296],[2.4029503000201657],12,8,152,4,707.6765675,,707.6611256,707.6765675,708.6602074,708.6602074,708.6768589,708.92884,space,0.2543731,None,708.9311347,0.414575,0.7146653,709.6589679,709.6594283,709.6750368,709.6750368,709.6750368,712.0785912,200,1,[2.402937800012296],[2.4029503000201657],1,1,2025-10-21_19h07.32.983,intentional_binding_exp,,2025.1.1,60.24956575,2025-10-21 19h07.44.775889 +0530
0.1,400,unexp,153,9,12,space,0.2690311,None,100,1,[2.5290635999990627],[2.5290701999911107],12,9,153,0,712.093369,,712.0789844,712.093369,713.0928399,713.0928399,713.0928399,713.3765806,space,0.2690311,None,713.3771632,0.0995388,0.3999197,713.7923924,713.7930091,713.8142004,713.8142004,713.8142004,716.3435946,100,1,[2.5290635999990627],[2.5290701999911107],1,1,2025-10-21_19h07.32.983,intentional_binding_exp,,2025.1.1,60.24956575,2025-10-21 19h07.44.775889 +0530
0.4,1000,exp,154,10,12,space,0.1893714,None,200,1,[0.879039899999043],[0.8790507999947295],12,10,154,7,716.3589811,,716.3438031,716.3589811,717.343501,717.343501,717.3592161,717.5433288,space,0.1893714,None,717.5450533,0.3993725,0.6993225,718.2620714,718.2629961,718.2977487,718.2977487,718.2977487,719.1772728,200,1,[0.879039899999043],[0.8790507999947295],1,1,2025-10-21_19h07.32.983,intentional_binding_exp,,2025.1.1,60.24956575,2025-10-21 19h07.44.775889 +0530
0.7,1000,exp,155,11,12,space,0.2556764,None,100,1,[1.2763815999787766],[1.2763889999769162],12,11,155,5,719.1922317,,719.1776493,719.1922317,720.1922426,720.1922426,720.1922426,720.4595734,space,0.2556764,None,720.4609797,0.6990736,0.999288,721.472109,721.47286,721.4996133,721.4996133,721.4996133,722.7763214,100,1,[1.2763815999787766],[1.2763889999769162],1,1,2025-10-21_19h07.32.983,intentional_binding_exp,,2025.1.1,60.24956575,2025-10-21 19h07.44.775889 +0530
0.7,400,unexp,156,0,13,space,0.1985815,None,200,1,[2.2208375000045635],[2.2208455000072718],13,0,156,2,722.7916621,,722.7765599,722.7916621,723.791843,723.791843,723.791843,723.9925132,space,0.1985815,None,723.9937559,0.6994433,0.9993432,725.0025157,725.0034017,725.0385242,725.0385242,725.0385242,727.2598381,200,1,[2.2208375000045635],[2.2208455000072718],1,1,2025-10-21_19h07.32.983,intentional_binding_exp,,2025.1.1,60.24956575,2025-10-21 19h07.44.775889 +0530
0.7,1000,exp,157,1,13,space,0.1004855,None,400,1,[1.7068090999964625],[1.7068219000066165],13,1,157,11,727.2748832,,727.2600773,727.2748832,728.2745162,728.2745162,728.2745162,728.391679,space,0.1004855,None,728.3922539,0.6998474,0.999844,729.4091376,729.4100084,729.4352328,729.4352328,729.4352328,731.1423355,400,1,[1.7068090999964625],[1.7068219000066165],1,1,2025-10-21_19h07.32.983,intentional_binding_exp,,2025.1.1,60.24956575,2025-10-21 19h07.44.775889 +0530
0.7,1000,exp,158,2,13,space,0.215112,None,300,1,[0.848101499985205],[0.8481086999818217],13,2,158,5,731.1574357,,731.1425399,731.1574357,732.1573211,732.1573211,732.1573211,732.3750089,space,0.215112,None,732.3767801,0.6996904,0.9995027,733.390183,733.3912316,733.426905,733.426905,733.426905,734.2753952,300,1,[0.848101499985205],[0.8481086999818217],1,1,2025-10-21_19h07.32.983,intentional_binding_exp,,2025.1.1,60.24956575,2025-10-21 19h07.44.775889 +0530
0.4,1000,exp,159,3,13,space,0.209034,None,200,1,[1.4007095000124536],[1.400725000014063],13,3,159,4,734.2906419,,734.2756979,734.2906419,735.2903639,735.2903639,735.2903639,735.5076372,space,0.209034,None,735.5082035,0.3995728,0.6995511,736.2190461,736.2197253,736.2421275,736.2421275,736.2421275,737.6434052,200,1,[1.4007095000124536],[1.400725000014063],1,1,2025-10-21_19h07.32.983,intentional_binding_exp,,2025.1.1,60.24956575,2025-10-21 19h07.44.775889 +0530
0.1,400,unexp,160,4,13,space,0.4226578,None,100,1,[1.6632838000077754],[1.6632964000164066],13,4,160,0,737.6568384,,737.6439092,737.6568384,738.65682,738.65682,738.65682,739.0906743,space,0.4226578,None,739.0918633,0.0993765,0.3995701,739.5095704,739.5104826,739.5449652,739.5449652,739.5449652,741.2087683,100,1,[1.6632838000077754],[1.6632964000164066],1,1,2025-10-21_19h07.32.983,intentional_binding_exp,,2025.1.1,60.24956575,2025-10-21 19h07.44.775889 +0530
0.4,1000,exp,161,5,13,space,0.029948,None,300,1,[1.4275137000076938],[1.4275266000186093],13,5,161,7,741.2231308,,741.2091417,741.2231308,742.2233201,742.2233201,742.2233201,742.2575152,space,0.029948,None,742.2591113,0.3997851,0.6993653,742.9686537,742.9695495,743.0132647,743.0132647,743.0132647,744.4425317,300,1,[1.4275137000076938],[1.4275266000186093],1,1,2025-10-21_19h07.32.983,intentional_binding_exp,,2025.1.1,60.24956575,2025-10-21 19h07.44.775889 +0530
0.1,1000,exp,162,6,13,space,0.078925,None,100,1,[1.6274944999895524],[1.627500400005374],13,6,162,3,744.4564685,,744.4427981,744.4564685,745.4560409,745.4560409,745.4560409,745.5398559,space,0.078925,None,745.5404378,0.099737,0.3992884,745.9503017,745.9506333,745.9625104,745.9625104,745.9625104,747.5902558,100,1,[1.6274944999895524],[1.627500400005374],1,1,2025-10-21_19h07.32.983,intentional_binding_exp,,2025.1.1,60.24956575,2025-10-21 19h07.44.775889 +0530
0.7,1000,exp,163,7,13,space,0.3549459,None,300,1,[2.022915599984117],[2.022937300003832],13,7,163,8,747.6058847,,747.5904773,747.6058847,748.5898624,748.5898624,748.6056938,748.9583577,space,0.3549459,None,748.9606623,0.7143617,1.0137256,749.9895919,749.9898955,750.0012512,750.0012512,750.0012512,752.0247736,300,1,[2.022915599984117],[2.022937300003832],1,1,2025-10-21_19h07.32.983,intentional_binding_exp,,2025.1.1,60.24956575,2025-10-21 19h07.44.775889 +0530
0.4,1000,exp,164,8,13,space,0.1776107,None,200,1,[1.199335399986012],[1.1993462999816984],13,8,164,10,752.0387862,,752.0255002,752.0387862,753.0386583,753.0386583,753.0386583,753.2222695,space,0.1776107,None,753.2228839,0.4000738,0.6995067,753.9299118,753.9302052,753.9402492,753.9402492,753.9402492,755.1399645,200,1,[1.199335399986012],[1.1993462999816984],1,1,2025-10-21_19h07.32.983,intentional_binding_exp,,2025.1.1,60.24956575,2025-10-21 19h07.44.775889 +0530
0.1,1000,exp,165,9,13,space,0.1675534,None,100,1,[1.363408699980937],[1.3634219999948982],13,9,165,6,755.1552191,,755.1402785,755.1552191,756.1555004,756.1555004,756.1555004,756.3395787,space,0.1675534,None,756.3412911,0.1155502,0.4159638,756.7689617,756.7700272,756.7924649,756.7924649,756.7924649,758.1563774,100,1,[1.363408699980937],[1.3634219999948982],1,1,2025-10-21_19h07.32.983,intentional_binding_exp,,2025.1.1,60.24956575,2025-10-21 19h07.44.775889 +0530
0.1,1000,exp,166,10,13,space,0.1648613,None,50,1,[5.747567699989304],[5.747575899993535],13,10,166,9,758.1715044,,758.1566873,758.1715044,759.171395,759.171395,759.171395,759.3382996,space,0.1648613,None,759.3389054,0.0996071,0.3998798,759.7515721,759.7521955,759.7740606,759.7740606,759.7740606,765.5220048,50,1,[5.747567699989304],[5.747575899993535],1,1,2025-10-21_19h07.32.983,intentional_binding_exp,,2025.1.1,60.24956575,2025-10-21 19h07.44.775889 +0530
0.4,400,unexp,167,11,13,space,0.2924249,None,300,1,[3.0076639000035357],[3.007681200018851],13,11,167,1,765.5373707,,765.5222709,765.5373707,766.5373406,766.5373406,766.5373406,766.8380791,space,0.2924249,None,766.8392121,0.3991725,0.6991255,767.5488086,767.5495238,767.5732051,767.5732051,767.5732051,770.5817807,300,1,[3.0076639000035357],[3.007681200018851],1,1,2025-10-21_19h07.32.983,intentional_binding_exp,,2025.1.1,60.24956575,2025-10-21 19h07.44.775889 +0530
0.4,400,unexp,168,0,14,space,0.9317008,None,200,1,[2.794178899988765],[2.794200299977092],14,0,168,1,770.5866328,,770.5822666,770.5866328,771.5870494,771.5870494,771.5870494,772.5213324,space,0.9317008,None,772.5230309,0.3990754,0.6989606,773.2310175,773.2319226,773.2600493,773.2600493,773.2600493,776.0547237,200,1,[2.794178899988765],[2.794200299977092],1,1,2025-10-21_19h07.32.983,intentional_binding_exp,,2025.1.1,60.24956575,2025-10-21 19h07.44.775889 +0530
0.1,400,unexp,169,1,14,space,0.7514333,None,100,1,[2.9103924999944866],[2.9103985999827273],14,1,169,0,776.0696396,,776.0551941,776.0696396,777.0698488,777.0698488,777.0698488,777.838321,space,0.7514333,None,777.8403469,0.0993622,0.3986401,778.2530901,778.254188,778.2930371,778.2930371,778.2930371,781.2037157,100,1,[2.9103924999944866],[2.9103985999827273],1,1,2025-10-21_19h07.32.983,intentional_binding_exp,,2025.1.1,60.24956575,2025-10-21 19h07.44.775889 +0530
0.4,1000,exp,170,2,14,space,0.3227348,None,100,1,[2.8503475000034086],[2.8503797999874223],14,2,170,4,781.2193323,,781.2039157,781.2193323,782.2189843,782.2189843,782.2189843,782.5533099,space,0.3227348,None,782.5548503,0.3994942,0.6995372,783.2688069,783.2697535,783.3063978,783.3063978,783.3063978,786.157518,100,1,[2.8503475000034086],[2.8503797999874223],1,1,2025-10-21_19h07.32.983,intentional_binding_exp,,2025.1.1,60.24956575,2025-10-21 19h07.44.775889 +0530
0.7,1000,exp,171,3,14,space,0.3401986,None,300,1,[1.1210125000216067],[1.1210244000249077],14,3,171,8,786.1687331,,786.1580513,786.1687331,787.1688373,787.1688373,787.1688373,787.5198434,space,0.3401986,None,787.5215669,0.7158509,1.015429,788.5499825,788.551045,788.5845832,788.5845832,788.5845832,789.7060787,300,1,[1.1210125000216067],[1.1210244000249077],1,1,2025-10-21_19h07.32.983,intentional_binding_exp,,2025.1.1,60.24956575,2025-10-21 19h07.44.775889 +0530
0.4,1000,exp,172,4,14,space,0.2232437,None,200,1,[1.7436762999859639],[1.7437002999940887],14,4,172,10,789.7182827,,789.7063931,789.7182827,790.7185951,790.7185951,790.7185951,790.9533288,space,0.2232437,None,790.9551942,0.4150487,0.7147342,791.6799319,791.6802922,791.6928322,791.6928322,791.6928322,793.4371204,200,1,[1.7436762999859639],[1.7437002999940887],1,1,2025-10-21_19h07.32.983,intentional_binding_exp,,2025.1.1,60.24956575,2025-10-21 19h07.44.775889 +0530
0.1,1000,exp,173,5,14,space,0.0514371,None,100,1,[2.187765100010438],[2.1877746999962255],14,5,173,6,793.4514864,,793.4376278,793.4514864,794.4515525,794.4515525,794.4515525,794.5193684,space,0.0514371,None,794.5215735,0.1153719,0.4152389,794.951802,794.9528694,794.9807576,794.9807576,794.9807576,797.1688777,100,1,[2.187765100010438],[2.1877746999962255],1,1,2025-10-21_19h07.32.983,intentional_binding_exp,,2025.1.1,60.24956575,2025-10-21 19h07.44.775889 +0530
0.1,1000,exp,174,6,14,space,0.2476121,None,100,1,[1.9949644000153057],[1.994981399999233],14,6,174,3,797.1840364,,797.1691467,797.1840364,798.1847248,798.1847248,798.1847248,798.4352303,space,0.2476121,None,798.4384543,0.0991891,0.3989582,798.8513344,798.8521231,798.8740568,798.8740568,798.8740568,800.8696132,100,1,[1.9949644000153057],[1.994981399999233],1,1,2025-10-21_19h07.32.983,intentional_binding_exp,,2025.1.1,60.24956575,2025-10-21 19h07.44.775889 +0530
0.7,1000,exp,175,7,14,space,0.2707843,None,300,1,[1.887048499978846],[1.8870547999977134],14,7,175,11,800.883765,,800.8701353,800.883765,801.8842859,801.8842859,801.8842859,802.1684431,space,0.2707843,None,802.170589,0.7151162,1.0151926,803.201286,803.2016355,803.2138891,803.2138891,803.2138891,805.1011895,300,1,[1.887048499978846],[1.8870547999977134],1,1,2025-10-21_19h07.32.983,intentional_binding_exp,,2025.1.1,60.24956575,2025-10-21 19h07.44.775889 +0530
0.7,1000,exp,176,8,14,space,0.2975199,None,400,1,[1.967872500012163],[1.967886800004635],14,8,176,5,805.1166898,,805.1014113,805.1166898,806.1001111,806.1001111,806.1166764,806.4001553,space,0.2975199,None,806.4007463,0.6996874,0.9997523,807.4199101,807.4202604,807.4327895,807.4327895,807.4327895,809.4011469,400,1,[1.967872500012163],[1.967886800004635],1,1,2025-10-21_19h07.32.983,intentional_binding_exp,,2025.1.1,60.24956575,2025-10-21 19h07.44.775889 +0530
0.7,400,unexp,177,9,14,space,0.304809,None,300,1,[2.0085301999934018],[2.0085497999971267],14,9,177,2,809.4164276,,809.4015487,809.4164276,810.4163679,810.4163679,810.4163679,810.733442,space,0.304809,None,810.7344033,0.6999431,0.9998552,811.7499452,811.7508563,811.7779167,811.7779167,811.7779167,813.7870133,300,1,[2.0085301999934018],[2.0085497999971267],1,1,2025-10-21_19h07.32.983,intentional_binding_exp,,2025.1.1,60.24956575,2025-10-21 19h07.44.775889 +0530
0.1,1000,exp,178,10,14,space,0.1688889,None,100,1,[1.334511500026565],[1.3345193000277504],14,10,178,9,813.7991647,,813.7875328,813.7991647,814.7995179,814.7995179,814.7995179,814.9836206,space,0.1688889,None,814.9857664,0.0992868,0.3992965,815.3990249,815.3999724,815.4331407,815.4331407,815.4331407,816.767943,100,1,[1.334511500026565],[1.3345193000277504],1,1,2025-10-21_19h07.32.983,intentional_binding_exp,,2025.1.1,60.24956575,2025-10-21 19h07.44.775889 +0530
0.4,1000,exp,179,11,14,space,0.291563,None,300,1,[1.3357171000097878],[1.3357236000010744],14,11,179,7,816.7822819,,816.7681726,816.7822819,817.7826762,817.7826762,817.7826762,818.082901,space,0.291563,None,818.0842533,0.3997096,0.6997458,818.800332,818.8012062,818.8306049,818.8306049,818.8306049,820.1666184,300,1,[1.3357171000097878],[1.3357236000010744],1,1,2025-10-21_19h07.32.983,intentional_binding_exp,,2025.1.1,60.24956575,2025-10-21 19h07.44.775889 +0530
0.1,1000,exp,180,0,15,space,0.219582,None,200,1,[1.0978737999976147],[1.0978802000172436],15,0,180,9,820.1821297,,820.16681,820.1821297,821.1823337,821.1823337,821.1823337,821.4169677,space,0.219582,None,821.4195346,0.1151224,0.414987,821.8519088,821.852796,821.8843713,821.8843713,821.8843713,822.9825143,200,1,[1.0978737999976147],[1.0978802000172436],1,1,2025-10-21_19h07.32.983,intentional_binding_exp,,2025.1.1,60.24956575,2025-10-21 19h07.44.775889 +0530
0.1,1000,exp,181,1,15,space,0.2528998,None,100,1,[1.0651361000200268],[1.0651590000197757],15,1,181,6,822.9984995,,822.9827078,822.9984995,823.9821643,823.9821643,823.9985942,824.249496,space,0.2528998,None,824.2517527,0.0991181,0.3991828,824.6609929,824.6618916,824.7008817,824.7008817,824.7008817,825.7667321,100,1,[1.0651361000200268],[1.0651590000197757],1,1,2025-10-21_19h07.32.983,intentional_binding_exp,,2025.1.1,60.24956575,2025-10-21 19h07.44.775889 +0530
0.1,1000,exp,182,2,15,space,0.1684916,None,300,1,[1.211230599990813],[1.211243400000967],15,2,182,3,825.7813751,,825.7671262,825.7813751,826.7817116,826.7817116,826.7817116,826.9657437,space,0.1684916,None,826.9686172,0.0992757,0.3993812,827.3838972,827.3845374,827.4045854,827.4045854,827.4045854,828.6162064,300,1,[1.211230599990813],[1.211243400000967],1,1,2025-10-21_19h07.32.983,intentional_binding_exp,,2025.1.1,60.24956575,2025-10-21 19h07.44.775889 +0530
0.7,1000,exp,183,3,15,space,0.2169996,None,100,1,[1.0078816000022925],[1.0078911000164226],15,3,183,8,828.6312723,,828.6164636,828.6312723,829.6314342,829.6314342,829.6314342,829.8497718,space,0.2169996,None,829.8516567,0.7150485,1.0146188,830.8781881,830.878936,830.9075272,830.9075272,830.9075272,831.9158361,100,1,[1.0078816000022925],[1.0078911000164226],1,1,2025-10-21_19h07.32.983,intentional_binding_exp,,2025.1.1,60.24956575,2025-10-21 19h07.44.775889 +0530
0.7,1000,exp,184,4,15,space,0.1896778,None,300,1,[1.8982440000108909],[1.8982497999968473],15,4,184,11,831.9311068,,831.9160423,831.9311068,832.9311783,832.9311783,832.9311783,833.1319339,space,0.1896778,None,833.1338254,0.7150885,1.0153644,834.159104,834.1597205,834.1834999,834.1834999,834.1834999,836.0820054,300,1,[1.8982440000108909],[1.8982497999968473],1,1,2025-10-21_19h07.32.983,intentional_binding_exp,,2025.1.1,60.24956575,2025-10-21 19h07.44.775889 +0530
0.1,400,unexp,185,5,15,space,0.1709111,None,200,1,[1.540397300006589],[1.5404035999963526],15,5,185,0,836.0970906,,836.08221,836.0970906,837.097469,837.097469,837.097469,837.2812731,space,0.1709111,None,837.2829524,0.0990993,0.399107,837.6919303,837.6932057,837.7238039,837.7238039,837.7238039,839.264449,200,1,[1.540397300006589],[1.5404035999963526],1,1,2025-10-21_19h07.32.983,intentional_binding_exp,,2025.1.1,60.24956575,2025-10-21 19h07.44.775889 +0530
0.7,1000,exp,186,6,15,space,0.0481327,None,400,1,[1.141821000026539],[1.141827600018587],15,6,186,5,839.2800866,,839.264651,839.2800866,840.2639185,840.2639185,840.2802084,840.3148279,space,0.0481327,None,840.3175248,0.7149671,1.0149513,841.3415939,841.3423454,841.3722179,841.3722179,841.3722179,842.5143489,400,1,[1.141821000026539],[1.141827600018587],1,1,2025-10-21_19h07.32.983,intentional_binding_exp,,2025.1.1,60.24956575,2025-10-21 19h07.44.775889 +0530
0.4,1000,exp,187,7,15,space,0.2778589,None,300,1,[1.9984118999855127],[1.998420799995074],15,7,187,4,842.5299869,,842.5145533,842.5299869,843.5299544,843.5299544,843.5299544,843.8143088,space,0.2778589,None,843.8165774,0.3990481,0.6985693,844.5277239,844.5283233,844.5510195,844.5510195,844.5510195,846.5498113,300,1,[1.9984118999855127],[1.998420799995074],1,1,2025-10-21_19h07.32.983,intentional_binding_exp,,2025.1.1,60.24956575,2025-10-21 19h07.44.775889 +0530
0.7,400,unexp,188,8,15,space,0.3051086,None,500,1,[2.2429133000259753],[2.242919800017262],15,8,188,2,846.5628211,,846.5501169,846.5628211,847.5629212,847.5629212,847.5629212,847.8804395,space,0.3051086,None,847.8821444,0.716102,1.0159767,848.9126446,848.9140506,848.9531378,848.9531378,848.9531378,851.1963462,500,1,[2.2429133000259753],[2.242919800017262],1,1,2025-10-21_19h07.32.983,intentional_binding_exp,,2025.1.1,60.24956575,2025-10-21 19h07.44.775889 +0530
0.4,1000,exp,189,9,15,space,0.3840612,None,300,1,[1.9814748999779113],[1.9814813999983016],15,9,189,10,851.2123683,,851.1965319,851.2123683,852.2122706,852.2122706,852.2122706,852.6124602,space,0.3840612,None,852.6134052,0.4001444,0.6995014,853.3298609,853.3303585,853.347596,853.347596,853.347596,855.3293489,300,1,[1.9814748999779113],[1.9814813999983016],1,1,2025-10-21_19h07.32.983,intentional_binding_exp,,2025.1.1,60.24956575,2025-10-21 19h07.44.775889 +0530
0.4,1000,exp,190,10,15,space,0.2710404,None,300,1,[1.8440038000117056],[1.8440116999845486],15,10,190,7,855.3452607,,855.3295529,855.3452607,856.328705,856.328705,856.3452718,856.6125808,space,0.2710404,None,856.613988,0.3993749,0.6994665,857.3219124,857.3227819,857.3521336,857.3521336,857.3521336,859.1965712,300,1,[1.8440038000117056],[1.8440116999845486],1,1,2025-10-21_19h07.32.983,intentional_binding_exp,,2025.1.1,60.24956575,2025-10-21 19h07.44.775889 +0530
0.4,400,unexp,191,11,15,space,0.23493,None,400,1,[4.461597199988319],[4.461602799972752],15,11,191,1,859.2113838,,859.1968764,859.2113838,860.2116918,860.2116918,860.2116918,860.4615842,space,0.23493,None,860.4623229,0.3997485,0.7001184,861.1793401,861.1803036,861.2167684,861.2167684,861.2167684,865.6786789,400,1,[4.461597199988319],[4.461602799972752],1,1,2025-10-21_19h07.32.983,intentional_binding_exp,,2025.1.1,60.24956575,2025-10-21 19h07.44.775889 +0530
0.1,1000,exp,192,0,16,space,0.3656016,None,200,1,[1.58429860000615],[1.5843049000250176],16,0,192,6,865.6945198,,865.6788984,865.6945198,866.6945057,866.6945057,866.6945057,867.0618205,space,0.3656016,None,867.0635507,0.0991313,0.3990364,867.4727384,867.4736283,867.5102012,867.5102012,867.5102012,869.0948983,200,1,[1.58429860000615],[1.5843049000250176],1,1,2025-10-21_19h07.32.983,intentional_binding_exp,,2025.1.1,60.24956575,2025-10-21 19h07.44.775889 +0530
0.1,400,unexp,193,1,16,space,0.310233,None,100,1,[3.9069438999868],[3.9069526999955997],16,1,193,0,869.1104754,,869.0950932,869.1104754,870.0941516,870.0941516,870.1106256,870.4115123,space,0.310233,None,870.4132259,0.0990386,0.3986279,870.8302321,870.830981,870.8538101,870.8538101,870.8538101,874.7611513,100,1,[3.9069438999868],[3.9069526999955997],1,1,2025-10-21_19h07.32.983,intentional_binding_exp,,2025.1.1,60.24956575,2025-10-21 19h07.44.775889 +0530
0.4,1000,exp,194,2,16,space,0.2777128,None,300,1,[1.809732099995017],[1.809740900003817],16,2,194,7,874.7764162,,874.7614157,874.7764162,875.7763728,875.7763728,875.7763728,876.0600366,space,0.2777128,None,876.0606435,0.4000094,0.6995074,876.7707183,876.7715005,876.8005584,876.8005584,876.8005584,878.6107065,300,1,[1.809732099995017],[1.809740900003817],1,1,2025-10-21_19h07.32.983,intentional_binding_exp,,2025.1.1,60.24956575,2025-10-21 19h07.44.775889 +0530
0.4,1000,exp,195,3,16,space,0.4081168,None,200,1,[1.6328871000150684],[1.632898900017608],16,3,195,10,878.6260702,,878.6109741,878.6260702,879.6265216,879.6265216,879.6265216,880.0440181,space,0.4081168,None,880.0457496,0.415579,0.7156137,880.7714252,880.7727997,880.8112946,880.8112946,880.8112946,882.4446067,200,1,[1.6328871000150684],[1.632898900017608],1,1,2025-10-21_19h07.32.983,intentional_binding_exp,,2025.1.1,60.24956575,2025-10-21 19h07.44.775889 +0530
0.7,400,unexp,196,4,16,space,0.2535532,None,300,1,[1.5013478000182658],[1.5013555000186898],16,4,196,2,882.4590167,,882.444937,882.4590167,883.4590804,883.4590804,883.4590804,883.7273492,space,0.2535532,None,883.7294035,0.7147109,1.0146462,884.7599846,884.7604235,884.7760566,884.7760566,884.7760566,886.2777343,300,1,[1.5013478000182658],[1.5013555000186898],1,1,2025-10-21_19h07.32.983,intentional_binding_exp,,2025.1.1,60.24956575,2025-10-21 19h07.44.775889 +0530
0.1,1000,exp,197,5,16,space,0.2481454,None,200,1,[1.447753999993438],[1.4477692999935243],16,5,197,3,886.2917206,,886.2779604,886.2917206,887.2918009,887.2918009,887.2918009,887.5429879,space,0.2481454,None,887.5447513,0.0991997,0.3990629,887.9621739,887.9629809,887.9950289,887.9950289,887.9950289,889.4433647,200,1,[1.447753999993438],[1.4477692999935243],1,1,2025-10-21_19h07.32.983,intentional_binding_exp,,2025.1.1,60.24956575,2025-10-21 19h07.44.775889 +0530
0.1,1000,exp,198,6,16,space,0.2576719,None,100,1,[3.841685299994424],[3.8416940000024624],16,6,198,9,889.4583993,,889.4438252,889.4583993,890.4581821,890.4581821,890.4581821,890.7249139,space,0.2576719,None,890.7254267,0.1001437,0.3999846,891.1380301,891.1383285,891.1503833,891.1503833,891.1503833,894.9924249,100,1,[3.841685299994424],[3.8416940000024624],1,1,2025-10-21_19h07.32.983,intentional_binding_exp,,2025.1.1,60.24956575,2025-10-21 19h07.44.775889 +0530
0.7,1000,exp,199,7,16,space,0.2713269,None,200,1,[2.9437497000035364],[2.9437584999832325],16,7,199,11,895.0076733,,894.9927006,895.0076733,896.0077796,896.0077796,896.0077796,896.2917892,space,0.2713269,None,896.2929554,0.6994165,0.9991083,897.3106395,897.3111549,897.3306577,897.3306577,897.3306577,900.2747495,200,1,[2.9437497000035364],[2.9437584999832325],1,1,2025-10-21_19h07.32.983,intentional_binding_exp,,2025.1.1,60.24956575,2025-10-21 19h07.44.775889 +0530
0.4,1000,exp,200,8,16,space,0.8841219,None,300,1,[2.097762399993371],[2.097770099993795],16,8,200,4,900.2907373,,900.2750341,900.2907373,901.2743436,901.2743436,901.2906693,902.1745308,space,0.8841219,None,902.1758205,0.3997753,0.69919,902.8891105,902.8903565,902.9099115,902.9099115,902.9099115,905.0080136,300,1,[2.097762399993371],[2.097770099993795],1,1,2025-10-21_19h07.32.983,intentional_binding_exp,,2025.1.1,60.24956575,2025-10-21 19h07.44.775889 +0530
0.7,1000,exp,201,9,16,space,0.5083278,None,200,1,[2.9343009000003804],[2.9343077999947127],16,9,201,8,905.023242,,905.0082482,905.023242,906.0232882,906.0232882,906.0232882,906.540207,space,0.5083278,None,906.5408012,0.7002315,0.9996154,907.5500708,907.5506961,907.572578,907.572578,907.572578,910.5072237,200,1,[2.9343009000003804],[2.9343077999947127],1,1,2025-10-21_19h07.32.983,intentional_binding_exp,,2025.1.1,60.24956575,2025-10-21 19h07.44.775889 +0530
0.4,400,unexp,202,10,16,space,0.3341139,None,300,1,[2.9116761999903247],[2.911682399979327],16,10,202,1,910.5230214,,910.5075665,910.5230214,911.5228207,911.5228207,911.5228207,911.873316,space,0.3341139,None,911.8741612,0.3998791,0.6990765,912.5810421,912.5815548,912.5949936,912.5949936,912.5949936,915.5069546,300,1,[2.9116761999903247],[2.911682399979327],1,1,2025-10-21_19h07.32.983,intentional_binding_exp,,2025.1.1,60.24956575,2025-10-21 19h07.44.775889 +0530
0.7,1000,exp,203,11,16,space,0.2520364,None,400,1,[1.6452687999990303],[1.6452766000002157],16,11,203,5,915.5227648,,915.5071359,915.5227648,916.5227262,916.5227262,916.5227262,916.7897976,space,0.2520364,None,916.7908758,0.7162439,1.0161868,917.8208199,917.8216633,917.8466255,917.8466255,917.8466255,919.4922868,400,1,[1.6452687999990303],[1.6452766000002157],1,1,2025-10-21_19h07.32.983,intentional_binding_exp,,2025.1.1,60.24956575,2025-10-21 19h07.44.775889 +0530
0.4,1000,exp,204,0,17,space,0.3050235,None,300,1,[1.696417900006054],[1.696426300011808],17,0,204,10,919.5053947,,919.4925648,919.5053947,920.5054169,920.5054169,920.5054169,920.8231964,space,0.3050235,None,920.8249087,0.3990779,0.699041,921.5418108,921.5427068,921.5757673,921.5757673,921.5757673,923.2725638,300,1,[1.696417900006054],[1.696426300011808],1,1,2025-10-21_19h07.32.983,intentional_binding_exp,,2025.1.1,60.24956575,2025-10-21 19h07.44.775889 +0530
0.7,400,unexp,205,1,17,space,0.1793333,None,300,1,[1.9287600999814458],[1.9287738999992143],17,1,205,2,923.2884739,,923.2728642,923.2884739,924.2881376,924.2881376,924.2881376,924.4727654,space,0.1793333,None,924.4744566,0.7151468,1.0152129,925.4988076,925.4991914,925.513387,925.513387,925.513387,927.4426562,300,1,[1.9287600999814458],[1.9287738999992143],1,1,2025-10-21_19h07.32.983,intentional_binding_exp,,2025.1.1,60.24956575,2025-10-21 19h07.44.775889 +0530
0.4,1000,exp,206,2,17,space,0.2265443,None,400,1,[2.1070870999828912],[2.1070936000032816],17,2,206,7,927.454482,,927.443127,927.454482,928.4548958,928.4548958,928.4548958,928.6892115,space,0.2265443,None,928.6909079,0.3990985,0.6982131,929.4001003,929.400475,929.4146267,929.4146267,929.4146267,931.5220063,400,1,[2.1070870999828912],[2.1070936000032816],1,1,2025-10-21_19h07.32.983,intentional_binding_exp,,2025.1.1,60.24956575,2025-10-21 19h07.44.775889 +0530
0.4,1000,exp,207,3,17,space,0.1942963,None,400,1,[2.5356360000150744],[2.535647800017614],17,3,207,4,931.5376929,,931.522203,931.5376929,932.5210741,932.5210741,932.5377307,932.7218928,space,0.1942963,None,932.7241605,0.4158928,0.7157806,933.4522546,933.4536393,933.4860087,933.4860087,933.4860087,936.0222105,400,1,[2.5356360000150744],[2.535647800017614],1,1,2025-10-21_19h07.32.983,intentional_binding_exp,,2025.1.1,60.24956575,2025-10-21 19h07.44.775889 +0530
0.1,400,unexp,208,4,17,space,0.189966,None,200,1,[2.0501291999826208],[2.0501376999891363],17,4,208,0,936.0367597,,936.0226386,936.0367597,937.036969,937.036969,937.036969,937.2376274,space,0.189966,None,937.2391408,0.0993818,0.399347,937.6488904,937.6494763,937.672267,937.672267,937.672267,939.7227028,200,1,[2.0501291999826208],[2.0501376999891363],1,1,2025-10-21_19h07.32.983,intentional_binding_exp,,2025.1.1,60.24956575,2025-10-21 19h07.44.775889 +0530
0.7,1000,exp,209,5,17,space,0.3064185,None,300,1,[2.2069467999972403],[2.206954399996903],17,5,209,11,939.7365612,,939.7230675,939.7365612,940.7369575,940.7369575,940.7369575,941.0542427,space,0.3064185,None,941.0564425,0.6991037,0.9991211,942.0697747,942.0705632,942.0967367,942.0967367,942.0967367,944.3039401,300,1,[2.2069467999972403],[2.206954399996903],1,1,2025-10-21_19h07.32.983,intentional_binding_exp,,2025.1.1,60.24956575,2025-10-21 19h07.44.775889 +0530
0.1,1000,exp,210,6,17,space,0.300434,None,200,1,[2.7190075000107754],[2.7190146000066306],17,6,210,3,944.3197468,,944.3041573,944.3197468,945.3194361,945.3194361,945.3194361,945.6371844,space,0.300434,None,945.6384161,0.0992027,0.3995861,946.0497574,946.0508906,946.0842964,946.0842964,946.0842964,948.8036012,200,1,[2.7190075000107754],[2.7190146000066306],1,1,2025-10-21_19h07.32.983,intentional_binding_exp,,2025.1.1,60.24956575,2025-10-21 19h07.44.775889 +0530
0.1,1000,exp,211,7,17,space,0.2770457,None,100,1,[1.8015360000135843],[1.80155219999142],17,7,211,6,948.8189347,,948.8037881,948.8189347,949.8025057,949.8025057,949.8193381,950.0883321,space,0.2770457,None,950.0906286,0.1143365,0.4140388,950.5198911,950.5208791,950.5566437,950.5566437,950.5566437,952.3588217,100,1,[1.8015360000135843],[1.80155219999142],1,1,2025-10-21_19h07.32.983,intentional_binding_exp,,2025.1.1,60.24956575,2025-10-21 19h07.44.775889 +0530
0.7,1000,exp,212,8,17,space,0.2220948,None,300,1,[3.80122150000534],[3.8012382999877445],17,8,212,5,952.3686968,,952.3593181,952.3686968,953.3686388,953.3686388,953.3686388,953.6030984,space,0.2220948,None,953.6047682,0.7152375,1.0152319,954.6297436,954.6303299,954.6510341,954.6510341,954.6510341,958.4528819,300,1,[3.80122150000534],[3.8012382999877445],1,1,2025-10-21_19h07.32.983,intentional_binding_exp,,2025.1.1,60.24956575,2025-10-21 19h07.44.775889 +0530
0.1,1000,exp,213,9,17,space,0.7497379,None,200,1,[1.6509904999984428],[1.651009699999122],17,9,213,9,958.4681171,,958.4533839,958.4681171,959.4680118,959.4680118,959.4680118,960.2194876,space,0.7497379,None,960.2211855,0.1155244,0.4152128,960.6522339,960.6531451,960.68439,960.68439,960.68439,962.3358274,200,1,[1.6509904999984428],[1.651009699999122],1,1,2025-10-21_19h07.32.983,intentional_binding_exp,,2025.1.1,60.24956575,2025-10-21 19h07.44.775889 +0530
0.4,400,unexp,214,10,17,space,0.1630929,None,30,1,[1.719973100000061],[1.719979700021213],17,10,214,1,962.3512125,,962.3360725,962.3512125,963.3508267,963.3508267,963.3508267,963.5189298,space,0.1630929,None,963.5206101,0.3991549,0.6992789,964.2294651,964.2304458,964.2651235,964.2651235,964.2651235,965.9854446,30,1,[1.719973100000061],[1.719979700021213],1,1,2025-10-21_19h07.32.983,intentional_binding_exp,,2025.1.1,60.24956575,2025-10-21 19h07.44.775889 +0530
0.7,1000,exp,215,11,17,space,2.5842023,None,400,1,[6.832638099993346],[6.832648899988271],17,11,215,8,966.0006567,,965.9857736,966.0006567,967.0007425,967.0007425,967.0007425,969.6015688,space,2.5842023,None,969.6032891,0.7157108,1.0158228,970.6339384,970.6345128,970.651057,970.651057,970.651057,977.4840993,400,1,[6.832638099993346],[6.832648899988271],1,1,2025-10-21_19h07.32.983,intentional_binding_exp,,2025.1.1,60.24956575,2025-10-21 19h07.44.775889 +0530
0.1,1000,exp,216,0,18,space,0.7479603,None,200,1,[2.7654591999889817],[2.7654703999869525],18,0,216,9,977.4995185,,977.4844007,977.4995185,978.499529,978.499529,978.499529,979.2514874,space,0.7479603,None,979.2550996,0.1149914,0.4151962,979.6831906,979.6840994,979.7178371,979.7178371,979.7178371,982.4836799,200,1,[2.7654591999889817],[2.7654703999869525],1,1,2025-10-21_19h07.32.983,intentional_binding_exp,,2025.1.1,60.24956575,2025-10-21 19h07.44.775889 +0530
0.4,400,unexp,217,1,18,space,0.2900293,None,300,1,[2.107229399989592],[2.107238500000676],18,1,217,1,982.499238,,982.4840675,982.499238,983.4989242,983.4989242,983.4989242,983.7992482,space,0.2900293,None,983.8001296,0.3995284,0.6994571,984.5112057,984.5121919,984.5421624,984.5421624,984.5421624,986.6497422,300,1,[2.107229399989592],[2.107238500000676],1,1,2025-10-21_19h07.32.983,intentional_binding_exp,,2025.1.1,60.24956575,2025-10-21 19h07.44.775889 +0530
0.7,400,unexp,218,2,18,space,0.2110324,None,300,1,[1.3872012999781873],[1.387206999992486],18,2,218,2,986.6650589,,986.6500161,986.6650589,987.6651868,987.6651868,987.6651868,987.8824377,space,0.2110324,None,987.8831892,0.6993586,0.9997454,988.9017174,988.9026446,988.9290818,988.9290818,988.9290818,990.3166551,300,1,[1.3872012999781873],[1.387206999992486],1,1,2025-10-21_19h07.32.983,intentional_binding_exp,,2025.1.1,60.24956575,2025-10-21 19h07.44.775889 +0530
0.7,1000,exp,219,3,18,space,0.2537417,None,400,1,[1.3956992999883369],[1.3957070999895222],18,3,219,11,990.331345,,990.3168366,990.331345,991.3315356,991.3315356,991.3315356,991.5982565,space,0.2537417,None,991.598818,0.6999037,0.9994828,992.6066139,992.6070444,992.6209641,992.6209641,992.6209641,994.0169369,400,1,[1.3956992999883369],[1.3957070999895222],1,1,2025-10-21_19h07.32.983,intentional_binding_exp,,2025.1.1,60.24956575,2025-10-21 19h07.44.775889 +0530
0.1,1000,exp,220,4,18,space,0.1498267,None,100,1,[2.12147250000271],[2.1214888999820687],18,4,220,6,994.0311793,,994.0172656,994.0311793,995.031106,995.031106,995.031106,995.1824126,space,0.1498267,None,995.1841151,0.1158098,0.4159139,995.6108493,995.6116924,995.6455188,995.6455188,995.6455188,997.7676351,100,1,[2.12147250000271],[2.1214888999820687],1,1,2025-10-21_19h07.32.983,intentional_binding_exp,,2025.1.1,60.24956575,2025-10-21 19h07.44.775889 +0530
0.4,1000,exp,221,5,18,space,0.0725129,None,300,1,[1.555598300008569],[1.5556047999998555],18,5,221,10,997.7806755,,997.7681038,997.7806755,998.7808824,998.7808824,998.7808824,998.8655026,space,0.0725129,None,998.8689733,0.4154142,0.7153948,999.590057,999.5909204,999.6262719,999.6262719,999.6262719,1001.182249,300,1,[1.555598300008569],[1.5556047999998555],1,1,2025-10-21_19h07.32.983,intentional_binding_exp,,2025.1.1,60.24956575,2025-10-21 19h07.44.775889 +0530
0.1,400,unexp,222,6,18,space,0.2310862,None,100,1,[1.4973266000160947],[1.4973375000117812],18,6,222,0,1001.197343,,1001.182488,1001.197343,1002.197086,1002.197086,1002.197086,1002.431286,space,0.2310862,None,1002.432806,0.0990778,0.399121,1002.841887,1002.842693,1002.872839,1002.872839,1002.872839,1004.370581,100,1,[1.4973266000160947],[1.4973375000117812],1,1,2025-10-21_19h07.32.983,intentional_binding_exp,,2025.1.1,60.24956575,2025-10-21 19h07.44.775889 +0530
0.4,1000,exp,223,7,18,space,0.4793014,None,400,1,[1.789726499991957],[1.7897329999832436],18,7,223,7,1004.380256,,1004.370859,1004.380256,1005.380388,1005.380388,1005.380388,1005.864379,space,0.4793014,None,1005.865442,0.4152303,0.7154758,1006.597851,1006.598178,1006.607686,1006.607686,1006.607686,1008.397677,400,1,[1.789726499991957],[1.7897329999832436],1,1,2025-10-21_19h07.32.983,intentional_binding_exp,,2025.1.1,60.24956575,2025-10-21 19h07.44.775889 +0530
0.4,1000,exp,224,8,18,space,0.2841714,None,400,1,[2.7686753000016324],[2.768681000015931],18,8,224,4,1008.413059,,1008.397879,1008.413059,1009.412913,1009.412913,1009.412913,1009.698819,space,0.2841714,None,1009.701396,0.4141299,0.714001,1010.428998,1010.429415,1010.445085,1010.445085,1010.445085,1013.214051,400,1,[2.7686753000016324],[2.768681000015931],1,1,2025-10-21_19h07.32.983,intentional_binding_exp,,2025.1.1,60.24956575,2025-10-21 19h07.44.775889 +0530
0.7,1000,exp,225,9,18,space,0.3332303,None,500,1,[2.6661629999871366],[2.666170099982992],18,9,225,5,1013.229333,,1013.214238,1013.229333,1014.228965,1014.228965,1014.228965,1014.5628,space,0.3332303,None,1014.563365,0.7000223,0.9996937,1015.578799,1015.579387,1015.596701,1015.596701,1015.596701,1018.263143,500,1,[2.6661629999871366],[2.666170099982992],1,1,2025-10-21_19h07.32.983,intentional_binding_exp,,2025.1.1,60.24956575,2025-10-21 19h07.44.775889 +0530
0.1,1000,exp,226,10,18,space,0.2528553,None,200,1,[1.9030887999979313],[1.9031055999803357],18,10,226,3,1018.27914,,1018.263374,1018.27914,1019.27883,1019.27883,1019.27883,1019.547755,space,0.2528553,None,1019.550089,0.1146408,0.4145954,1019.982432,1019.983337,1020.009692,1020.009692,1020.009692,1021.913374,200,1,[1.9030887999979313],[1.9031055999803357],1,1,2025-10-21_19h07.32.983,intentional_binding_exp,,2025.1.1,60.24956575,2025-10-21 19h07.44.775889 +0530
0.7,1000,exp,227,11,18,space,0.2297735,None,300,1,[1.7307655999902636],[1.7307719999807887],18,11,227,8,1021.928354,,1021.913861,1021.928354,1022.928661,1022.928661,1022.928661,1023.163274,space,0.2297735,None,1023.165001,0.7152311,1.0152739,1024.192208,1024.193206,1024.231466,1024.231466,1024.231466,1025.962563,300,1,[1.7307655999902636],[1.7307719999807887],1,1,2025-10-21_19h07.32.983,intentional_binding_exp,,2025.1.1,60.24956575,2025-10-21 19h07.44.775889 +0530
0.4,1000,exp,228,0,19,space,0.2452006,None,200,1,[1.7010599999921396],[1.701065999979619],19,0,228,4,1025.977853,,1025.962769,1025.977853,1026.961715,1026.961715,1026.978212,1027.212611,space,0.2452006,None,1027.214324,0.4157985,0.7153468,1027.942408,1027.943478,1027.977431,1027.977431,1027.977431,1029.678877,200,1,[1.7010599999921396],[1.701065999979619],1,1,2025-10-21_19h07.32.983,intentional_binding_exp,,2025.1.1,60.24956575,2025-10-21 19h07.44.775889 +0530
0.7,400,unexp,229,1,19,space,0.3740878,None,500,1,[2.1294346999784466],[2.129444699996384],19,1,229,2,1029.694354,,1029.679072,1029.694354,1030.694152,1030.694152,1030.694152,1031.077646,space,0.3740878,None,1031.078142,0.7001097,0.99968,1032.091071,1032.091763,1032.115002,1032.115002,1032.115002,1034.244814,500,1,[2.1294346999784466],[2.129444699996384],1,1,2025-10-21_19h07.32.983,intentional_binding_exp,,2025.1.1,60.24956575,2025-10-21 19h07.44.775889 +0530
0.4,400,unexp,230,2,19,space,0.2772037,None,100,1,[2.182730199972866],[2.1827371999970637],19,2,230,1,1034.260493,,1034.245164,1034.260493,1035.260454,1035.260454,1035.260454,1035.545006,space,0.2772037,None,1035.548113,0.3990685,0.6987587,1036.261853,1036.262859,1036.295481,1036.295481,1036.295481,1038.478505,100,1,[2.182730199972866],[2.1827371999970637],1,1,2025-10-21_19h07.32.983,intentional_binding_exp,,2025.1.1,60.24956575,2025-10-21 19h07.44.775889 +0530
0.4,1000,exp,231,3,19,space,0.1369881,None,200,1,[2.6583284999942407],[2.6583396999922115],19,3,231,7,1038.49363,,1038.478715,1038.49363,1039.493325,1039.493325,1039.493325,1039.643705,space,0.1369881,None,1039.64462,0.3999444,0.7000088,1040.359441,1040.360397,1040.386243,1040.386243,1040.386243,1043.045003,200,1,[2.6583284999942407],[2.6583396999922115],1,1,2025-10-21_19h07.32.983,intentional_binding_exp,,2025.1.1,60.24956575,2025-10-21 19h07.44.775889 +0530
0.7,1000,exp,232,4,19,space,0.8585786,None,300,1,[2.4911052999959793],[2.4911112999834586],19,4,232,11,1043.059624,,1043.045193,1043.059624,1044.059943,1044.059943,1044.059943,1044.92821,space,0.8585786,None,1044.930659,0.714305,1.0150824,1045.961447,1045.96234,1046.002475,1046.002475,1046.002475,1048.493932,300,1,[2.4911052999959793],[2.4911112999834586],1,1,2025-10-21_19h07.32.983,intentional_binding_exp,,2025.1.1,60.24956575,2025-10-21 19h07.44.775889 +0530
0.1,1000,exp,233,5,19,space,0.2654202,None,200,1,[2.9370258999988437],[2.9370325000199955],19,5,233,6,1048.508984,,1048.494118,1048.508984,1049.508904,1049.508904,1049.508904,1049.778116,space,0.2654202,None,1049.780306,0.1144434,0.4140402,1050.208261,1050.208663,1050.222338,1050.222338,1050.222338,1053.159623,200,1,[2.9370258999988437],[2.9370325000199955],1,1,2025-10-21_19h07.32.983,intentional_binding_exp,,2025.1.1,60.24956575,2025-10-21 19h07.44.775889 +0530
0.7,1000,exp,234,6,19,space,0.0935323,None,400,1,[1.75572290000855],[1.7557382000086363],19,6,234,5,1053.175692,,1053.159841,1053.175692,1054.175163,1054.175163,1054.175163,1054.275672,space,0.0935323,None,1054.276503,0.6999829,0.9993275,1055.291637,1055.291969,1055.303971,1055.303971,1055.303971,1057.060191,400,1,[1.75572290000855],[1.7557382000086363],1,1,2025-10-21_19h07.32.983,intentional_binding_exp,,2025.1.1,60.24956575,2025-10-21 19h07.44.775889 +0530
0.1,1000,exp,235,7,19,space,0.0742309,None,100,1,[1.5640685000107624],[1.5640781000256538],19,7,235,3,1057.074967,,1057.060662,1057.074967,1058.074847,1058.074847,1058.074847,1058.158583,space,0.0742309,None,1058.159635,0.0992984,0.3992939,1058.566365,1058.566731,1058.578044,1058.578044,1058.578044,1060.142504,100,1,[1.5640685000107624],[1.5640781000256538],1,1,2025-10-21_19h07.32.983,intentional_binding_exp,,2025.1.1,60.24956575,2025-10-21 19h07.44.775889 +0530
0.1,400,unexp,236,8,19,space,0.0270711,None,100,1,[1.4379873999860138],[1.4379941999795847],19,8,236,0,1060.158099,,1060.142826,1060.158099,1061.157838,1061.157838,1061.157838,1061.191504,space,0.0270711,None,1061.19204,0.0995145,0.4001519,1061.601626,1061.602546,1061.636759,1061.636759,1061.636759,1063.075112,100,1,[1.4379873999860138],[1.4379941999795847],1,1,2025-10-21_19h07.32.983,intentional_binding_exp,,2025.1.1,60.24956575,2025-10-21 19h07.44.775889 +0530
0.4,1000,exp,237,9,19,space,0.1959316,None,300,1,[2.852962299977662],[2.8529788999876473],19,9,237,10,1063.090963,,1063.075332,1063.090963,1064.091088,1064.091088,1064.091088,1064.291603,space,0.1959316,None,1064.293055,0.3994079,0.6994429,1065.009684,1065.010596,1065.038986,1065.038986,1065.038986,1067.892551,300,1,[2.852962299977662],[2.8529788999876473],1,1,2025-10-21_19h07.32.983,intentional_binding_exp,,2025.1.1,60.24956575,2025-10-21 19h07.44.775889 +0530
0.7,1000,exp,238,10,19,space,1.2990094,None,400,1,[2.216004400019301],[2.2160130999982357],19,10,238,8,1067.906799,,1067.893053,1067.906799,1068.90692,1068.90692,1068.90692,1070.207377,space,1.2990094,None,1070.208394,0.7003609,1.0002574,1071.221284,1071.222515,1071.257859,1071.257859,1071.257859,1073.474298,400,1,[2.216004400019301],[2.2160130999982357],1,1,2025-10-21_19h07.32.983,intentional_binding_exp,,2025.1.1,60.24956575,2025-10-21 19h07.44.775889 +0530
0.1,1000,exp,239,11,19,space,0.2443148,None,100,1,[1.4319337999913841],[1.4319403000117745],19,11,239,9,1073.489834,,1073.47458,1073.489834,1074.473597,1074.473597,1074.490197,1074.724304,space,0.2443148,None,1074.72648,0.099239,0.3991768,1075.141124,1075.142018,1075.175788,1075.175788,1075.175788,1076.608042,100,1,[1.4319337999913841],[1.4319403000117745],1,1,2025-10-21_19h07.32.983,intentional_binding_exp,,2025.1.1,60.24956575,2025-10-21 19h07.44.775889 +0530
0.1,1000,exp,240,0,20,space,0.2349608,None,100,1,[2.2376794000156224],[2.2376863000099547],20,0,240,3,1076.622814,,1076.608252,1076.622814,1077.623045,1077.623045,1077.623045,1077.872998,space,0.2349608,None,1077.87427,0.0997279,0.3995781,1078.28996,1078.290322,1078.302714,1078.302714,1078.302714,1080.540652,100,1,[2.2376794000156224],[2.2376863000099547],1,1,2025-10-21_19h07.32.983,intentional_binding_exp,,2025.1.1,60.24956575,2025-10-21 19h07.44.775889 +0530
0.7,1000,exp,241,1,20,space,0.3111031,None,300,1,[2.1149253000039607],[2.1149365000019316],20,1,241,8,1080.556014,,1080.540882,1080.556014,1081.556182,1081.556182,1081.556182,1081.872955,space,0.3111031,None,1081.874074,0.6994581,0.9996585,1082.889777,1082.890662,1082.925409,1082.925409,1082.925409,1085.04082,300,1,[2.1149253000039607],[2.1149365000019316],1,1,2025-10-21_19h07.32.983,intentional_binding_exp,,2025.1.1,60.24956575,2025-10-21 19h07.44.775889 +0530
0.4,1000,exp,242,2,20,space,0.2466342,None,400,1,[2.250122100027511],[2.2501341000024695],20,2,242,10,1085.055246,,1085.041185,1085.055246,1086.055625,1086.055625,1086.055625,1086.306674,space,0.2466342,None,1086.310047,0.3995465,0.699085,1087.022109,1087.022996,1087.055522,1087.055522,1087.055522,1089.306141,400,1,[2.250122100027511],[2.2501341000024695],1,1,2025-10-21_19h07.32.983,intentional_binding_exp,,2025.1.1,60.24956575,2025-10-21 19h07.44.775889 +0530
0.7,400,unexp,243,3,20,space,0.2014663,None,500,1,[1.8772581000230275],[1.8772684000141453],20,3,243,2,1089.321848,,1089.306427,1089.321848,1090.321771,1090.321771,1090.321771,1090.538805,space,0.2014663,None,1090.539951,0.6992046,0.9989571,1091.549147,1091.549493,1091.561974,1091.561974,1091.561974,1093.439574,500,1,[1.8772581000230275],[1.8772684000141453],1,1,2025-10-21_19h07.32.983,intentional_binding_exp,,2025.1.1,60.24956575,2025-10-21 19h07.44.775889 +0530
0.1,1000,exp,244,4,20,space,0.2935678,None,200,1,[1.7636587000160944],[1.7636653000081424],20,4,244,9,1093.454571,,1093.439848,1093.454571,1094.454376,1094.454376,1094.454376,1094.755281,space,0.2935678,None,1094.757438,0.0990492,0.39928,1095.172059,1095.172989,1095.208167,1095.208167,1095.208167,1096.972163,200,1,[1.7636587000160944],[1.7636653000081424],1,1,2025-10-21_19h07.32.983,intentional_binding_exp,,2025.1.1,60.24956575,2025-10-21 19h07.44.775889 +0530
0.1,400,unexp,245,5,20,space,0.2740229,None,300,1,[2.7731602000130806],[2.7731672000081744],20,5,245,0,1096.987354,,1096.972358,1096.987354,1097.987501,1097.987501,1097.987501,1098.271082,space,0.2740229,None,1098.271762,0.1000946,0.3994726,1098.681045,1098.681841,1098.6982,1098.6982,1098.6982,1101.471724,300,1,[2.7731602000130806],[2.7731672000081744],1,1,2025-10-21_19h07.32.983,intentional_binding_exp,,2025.1.1,60.24956575,2025-10-21 19h07.44.775889 +0530
0.7,1000,exp,246,6,20,space,0.1927201,None,400,1,[1.711179199977778],[1.7111862999736331],20,6,246,11,1101.487063,,1101.472078,1101.487063,1102.487018,1102.487018,1102.487018,1102.687069,space,0.1927201,None,1102.68786,0.7000735,1.0000869,1103.701092,1103.701847,1103.726485,1103.726485,1103.726485,1105.437974,400,1,[1.711179199977778],[1.7111862999736331],1,1,2025-10-21_19h07.32.983,intentional_binding_exp,,2025.1.1,60.24956575,2025-10-21 19h07.44.775889 +0530
0.4,1000,exp,247,7,20,space,0.1285114,None,200,1,[1.328752400004305],[1.3287601000047289],20,7,247,4,1105.453143,,1105.4382,1105.453143,1106.453718,1106.453718,1106.453718,1106.588771,space,0.1285114,None,1106.590974,0.4148082,0.7143563,1107.319518,1107.320071,1107.342177,1107.342177,1107.342177,1108.671222,200,1,[1.328752400004305],[1.3287601000047289],1,1,2025-10-21_19h07.32.983,intentional_binding_exp,,2025.1.1,60.24956575,2025-10-21 19h07.44.775889 +0530
0.4,400,unexp,248,8,20,space,0.0419923,None,200,1,[2.536057300021639],[2.5360803000221495],20,8,248,1,1108.686445,,1108.671426,1108.686445,1109.686501,1109.686501,1109.686501,1109.736685,space,0.0419923,None,1109.737417,0.3994612,0.6996671,1110.447913,1110.448274,1110.469414,1110.469414,1110.469414,1113.005854,200,1,[2.536057300021639],[2.5360803000221495],1,1,2025-10-21_19h07.32.983,intentional_binding_exp,,2025.1.1,60.24956575,2025-10-21 19h07.44.775889 +0530
0.7,1000,exp,249,9,20,space,0.0984664,None,100,1,[1.8886001000064425],[1.8886134999920614],20,9,249,5,1113.019431,,1113.006107,1113.019431,1114.019028,1114.019028,1114.019028,1114.119667,space,0.0984664,None,1114.120251,0.699287,0.9997474,1115.130218,1115.131106,1115.164472,1115.164472,1115.164472,1117.053703,100,1,[1.8886001000064425],[1.8886134999920614],1,1,2025-10-21_19h07.32.983,intentional_binding_exp,,2025.1.1,60.24956575,2025-10-21 19h07.44.775889 +0530
0.1,1000,exp,250,10,20,space,0.24215,None,100,1,[1.3981683000165503],[1.3981795000145212],20,10,250,6,1117.068886,,1117.054108,1117.068886,1118.069109,1118.069109,1118.069109,1118.320273,space,0.24215,None,1118.321992,0.1160476,0.4157984,1118.752948,1118.753854,1118.78848,1118.78848,1118.78848,1120.187113,100,1,[1.3981683000165503],[1.3981795000145212],1,1,2025-10-21_19h07.32.983,intentional_binding_exp,,2025.1.1,60.24956575,2025-10-21 19h07.44.775889 +0530
0.4,1000,exp,251,11,20,space,0.106172,None,100,1,[2.6378023000143003],[2.6378087000048254],20,11,251,7,1120.201903,,1120.187412,1120.201903,1121.202105,1121.202105,1121.202105,1121.319498,space,0.106172,None,1121.321225,0.3992076,0.6993755,1122.030203,1122.031095,1122.064325,1122.064325,1122.064325,1124.702402,100,1,[2.6378023000143003],[2.6378087000048254],1,1,2025-10-21_19h07.32.983,intentional_binding_exp,,2025.1.1,60.24956575,2025-10-21 19h07.44.775889 +0530
0.1,1000,exp,252,0,21,space,0.0439773,None,100,1,[1.8754029000119772],[1.8754156000213698],21,0,252,9,1124.718003,,1124.702622,1124.718003,1125.717978,1125.717978,1125.717978,1125.769209,space,0.0439773,None,1125.771368,0.0990993,0.3992223,1126.181051,1126.181933,1126.209731,1126.209731,1126.209731,1128.085536,100,1,[1.8754029000119772],[1.8754156000213698],1,1,2025-10-21_19h07.32.983,intentional_binding_exp,,2025.1.1,60.24956575,2025-10-21 19h07.44.775889 +0530
0.7,1000,exp,253,1,21,space,0.2517611,None,400,1,[2.68136630000663],[2.681385300005786],21,1,253,5,1128.100985,,1128.085808,1128.100985,1129.084702,1129.084702,1129.10137,1129.352128,space,0.2517611,None,1129.353841,0.6991523,0.9990048,1130.370651,1130.371571,1130.404535,1130.404535,1130.404535,1133.08653,400,1,[2.68136630000663],[2.681385300005786],1,1,2025-10-21_19h07.32.983,intentional_binding_exp,,2025.1.1,60.24956575,2025-10-21 19h07.44.775889 +0530
0.7,400,unexp,254,2,21,space,0.2852303,None,500,1,[3.238343300006818],[3.2383519999857526],21,2,254,2,1133.10044,,1133.086926,1133.10044,1134.100541,1134.100541,1134.100541,1134.401241,space,0.2852303,None,1134.402372,0.699665,0.9995848,1135.409195,1135.410107,1135.445588,1135.445588,1135.445588,1138.684345,500,1,[3.238343300006818],[3.2383519999857526],1,1,2025-10-21_19h07.32.983,intentional_binding_exp,,2025.1.1,60.24956575,2025-10-21 19h07.44.775889 +0530
0.4,400,unexp,255,3,21,space,0.2586886,None,200,1,[2.348122199997306],[2.3481293999939226],21,3,255,1,1138.699955,,1138.68462,1138.699955,1139.683817,1139.683817,1139.700264,1139.951136,space,0.2586886,None,1139.953332,0.4151614,0.7160617,1140.681352,1140.682305,1140.718981,1140.718981,1140.718981,1143.067473,200,1,[2.348122199997306],[2.3481293999939226],1,1,2025-10-21_19h07.32.983,intentional_binding_exp,,2025.1.1,60.24956575,2025-10-21 19h07.44.775889 +0530
0.4,1000,exp,256,4,21,space,0.3421788,None,300,1,[2.8442790000117384],[2.8442886999982875],21,4,256,7,1143.082988,,1143.06771,1143.082988,1144.083271,1144.083271,1144.083271,1144.434127,space,0.3421788,None,1144.436101,0.4153548,0.7152847,1145.161108,1145.161837,1145.188973,1145.188973,1145.188973,1148.03366,300,1,[2.8442790000117384],[2.8442886999982875],1,1,2025-10-21_19h07.32.983,intentional_binding_exp,,2025.1.1,60.24956575,2025-10-21 19h07.44.775889 +0530
0.1,1000,exp,257,5,21,space,0.2569632,None,100,1,[1.700624000019161],[1.700631700019585],21,5,257,3,1148.049397,,1148.033938,1148.049397,1149.049138,1149.049138,1149.049138,1149.317658,space,0.2569632,None,1149.319917,0.115041,0.4148668,1149.749656,1149.750619,1149.78277,1149.78277,1149.78277,1151.483692,100,1,[1.700624000019161],[1.700631700019585],1,1,2025-10-21_19h07.32.983,intentional_binding_exp,,2025.1.1,60.24956575,2025-10-21 19h07.44.775889 +0530
0.1,1000,exp,258,6,21,space,0.4060739,None,100,1,[2.008000300003914],[2.008015900006285],21,6,258,6,1151.498486,,1151.483906,1151.498486,1152.4992,1152.4992,1152.4992,1152.916872,space,0.4060739,None,1152.919404,0.0995305,0.3989279,1153.33118,1153.332029,1153.36032,1153.36032,1153.36032,1155.368877,100,1,[2.008000300003914],[2.008015900006285],1,1,2025-10-21_19h07.32.983,intentional_binding_exp,,2025.1.1,60.24956575,2025-10-21 19h07.44.775889 +0530
0.7,1000,exp,259,7,21,space,0.3085729,None,400,1,[1.818234099977417],[1.8182401999947615],21,7,259,11,1155.381693,,1155.36958,1155.381693,1156.381461,1156.381461,1156.381461,1156.69902,space,0.3085729,None,1156.70076,0.7157925,1.0161957,1157.728549,1157.729487,1157.763732,1157.763732,1157.763732,1159.582226,400,1,[1.818234099977417],[1.8182401999947615],1,1,2025-10-21_19h07.32.983,intentional_binding_exp,,2025.1.1,60.24956575,2025-10-21 19h07.44.775889 +0530
0.4,1000,exp,260,8,21,space,0.5314816,None,200,1,[1.7760357999941334],[1.7760459999844898],21,8,260,4,1159.597716,,1159.582449,1159.597716,1160.598038,1160.598038,1160.598038,1161.131834,space,0.5314816,None,1161.133098,0.3998664,0.6993337,1161.839673,1161.840545,1161.873205,1161.873205,1161.873205,1163.64961,200,1,[1.7760357999941334],[1.7760459999844898],1,1,2025-10-21_19h07.32.983,intentional_binding_exp,,2025.1.1,60.24956575,2025-10-21 19h07.44.775889 +0530
0.7,1000,exp,261,9,21,space,0.4932192,None,400,1,[1.8326738000032492],[1.8326836999913212],21,9,261,8,1163.664097,,1163.649982,1163.664097,1164.664054,1164.664054,1164.664054,1165.164729,space,0.4932192,None,1165.166776,0.6996524,0.9992312,1166.18127,1166.182424,1166.217819,1166.217819,1166.217819,1168.050979,400,1,[1.8326738000032492],[1.8326836999913212],1,1,2025-10-21_19h07.32.983,intentional_binding_exp,,2025.1.1,60.24956575,2025-10-21 19h07.44.775889 +0530
0.4,1000,exp,262,10,21,space,0.3234566,None,300,1,[1.5515625999832992],[1.5515688000014052],21,10,262,10,1168.064112,,1168.051407,1168.064112,1169.063723,1169.063723,1169.063723,1169.397376,space,0.3234566,None,1169.398638,0.4002342,0.7002739,1170.109739,1170.110609,1170.145993,1170.145993,1170.145993,1171.697909,300,1,[1.5515625999832992],[1.5515688000014052],1,1,2025-10-21_19h07.32.983,intentional_binding_exp,,2025.1.1,60.24956575,2025-10-21 19h07.44.775889 +0530
0.1,400,unexp,263,11,21,space,0.2890071,None,100,1,[2.465950800018618],[2.4659571000083815],21,11,263,0,1171.713323,,1171.698119,1171.713323,1172.713296,1172.713296,1172.713296,1173.013993,space,0.2890071,None,1173.016877,0.099266,0.3992659,1173.42819,1173.428722,1173.447851,1173.447851,1173.447851,1175.914142,100,1,[2.465950800018618],[2.4659571000083815],1,1,2025-10-21_19h07.32.983,intentional_binding_exp,,2025.1.1,60.24956575,2025-10-21 19h07.44.775889 +0530
0.7,1000,exp,264,0,22,space,0.2955194,None,400,1,[1.8862777999893297],[1.8862847000127658],22,0,264,11,1175.929529,,1175.914343,1175.929529,1176.913346,1176.913346,1176.929957,1177.214138,space,0.2955194,None,1177.216493,0.7151729,1.015566,1178.238648,1178.23952,1178.276942,1178.276942,1178.276942,1180.163608,400,1,[1.8862777999893297],[1.8862847000127658],1,1,2025-10-21_19h07.32.983,intentional_binding_exp,,2025.1.1,60.24956575,2025-10-21 19h07.44.775889 +0530
0.1,400,unexp,265,1,22,space,0.2962603,None,100,1,[2.4670235000085086],[2.467032900021877],22,1,265,0,1180.179044,,1180.163855,1180.179044,1181.16294,1181.16294,1181.179411,1181.463493,space,0.2962603,None,1181.4652,0.0992827,0.3992876,1181.878764,1181.879845,1181.912901,1181.912901,1181.912901,1184.380318,100,1,[2.4670235000085086],[2.467032900021877],1,1,2025-10-21_19h07.32.983,intentional_binding_exp,,2025.1.1,60.24956575,2025-10-21 19h07.44.775889 +0530
0.7,1000,exp,266,2,22,space,0.3281368,None,300,1,[1.477236599981552],[1.4772422999958508],22,2,266,8,1184.39543,,1184.380554,1184.39543,1185.395796,1185.395796,1185.395796,1185.72925,space,0.3281368,None,1185.730333,0.6992289,0.9991872,1186.740346,1186.740665,1186.751894,1186.751894,1186.751894,1188.229369,300,1,[1.477236599981552],[1.4772422999958508],1,1,2025-10-21_19h07.32.983,intentional_binding_exp,,2025.1.1,60.24956575,2025-10-21 19h07.44.775889 +0530
0.1,1000,exp,267,3,22,space,0.3014295,None,100,1,[2.4189206000010017],[2.418927499995334],22,3,267,6,1188.245443,,1188.229578,1188.245443,1189.24524,1189.24524,1189.24524,1189.562495,space,0.3014295,None,1189.56426,0.0994954,0.3989003,1189.971649,1189.972203,1189.992948,1189.992948,1189.992948,1192.412192,100,1,[2.4189206000010017],[2.418927499995334],1,1,2025-10-21_19h07.32.983,intentional_binding_exp,,2025.1.1,60.24956575,2025-10-21 19h07.44.775889 +0530
0.4,1000,exp,268,4,22,space,0.9293688,None,200,1,[3.7184208999969997],[3.7184280999936163],22,4,268,7,1192.427778,,1192.412401,1192.427778,1193.411654,1193.411654,1193.428308,1194.346227,space,0.9293688,None,1194.348991,0.4150848,0.7148911,1195.072979,1195.073866,1195.110555,1195.110555,1195.110555,1198.829256,200,1,[3.7184208999969997],[3.7184280999936163],1,1,2025-10-21_19h07.32.983,intentional_binding_exp,,2025.1.1,60.24956575,2025-10-21 19h07.44.775889 +0530
0.4,400,unexp,269,5,22,space,0.3729075,None,300,1,[3.8823900999850594],[3.8823965000046883],22,5,269,1,1198.843983,,1198.829493,1198.843983,1199.844338,1199.844338,1199.844338,1200.228763,space,0.3729075,None,1200.230436,0.415462,0.7154575,1200.961204,1200.962132,1200.995182,1200.995182,1200.995182,1204.877885,300,1,[3.8823900999850594],[3.8823965000046883],1,1,2025-10-21_19h07.32.983,intentional_binding_exp,,2025.1.1,60.24956575,2025-10-21 19h07.44.775889 +0530
0.7,400,unexp,270,6,22,space,1.5297026,None,500,1,[2.6999165000161156],[2.6999339000030886],22,6,270,2,1204.893406,,1204.878083,1204.893406,1205.893237,1205.893237,1205.893237,1207.428721,space,1.5297026,None,1207.430582,0.7147634,1.0146266,1208.459617,1208.460553,1208.494723,1208.494723,1208.494723,1211.195693,500,1,[2.6999165000161156],[2.6999339000030886],1,1,2025-10-21_19h07.32.983,intentional_binding_exp,,2025.1.1,60.24956575,2025-10-21 19h07.44.775889 +0530
0.1,1000,exp,271,7,22,space,0.2677664,None,100,1,[3.648083999985829],[3.648090400005458],22,7,271,9,1211.209777,,1211.196106,1211.209777,1212.209519,1212.209519,1212.209519,1212.493404,space,0.2677664,None,1212.495561,0.0995119,0.3992222,1212.913012,1212.913803,1212.944998,1212.944998,1212.944998,1216.593432,100,1,[3.648083999985829],[3.648090400005458],1,1,2025-10-21_19h07.32.983,intentional_binding_exp,,2025.1.1,60.24956575,2025-10-21 19h07.44.775889 +0530
0.7,1000,exp,272,8,22,space,0.2779421,None,300,1,[2.7165230000100564],[2.716554700018605],22,8,272,5,1216.608823,,1216.593623,1216.608823,1217.608743,1217.608743,1217.608743,1217.892974,space,0.2779421,None,1217.894348,0.6996021,0.998926,1218.911908,1218.912373,1218.929236,1218.929236,1218.929236,1221.646495,300,1,[2.7165230000100564],[2.716554700018605],1,1,2025-10-21_19h07.32.983,intentional_binding_exp,,2025.1.1,60.24956575,2025-10-21 19h07.44.775889 +0530
0.4,1000,exp,273,9,22,space,0.3450494,None,300,1,[2.089089100016281],[2.0890967000159435],22,9,273,10,1221.658252,,1221.646922,1221.658252,1222.65877,1222.65877,1222.65877,1223.008546,space,0.3450494,None,1223.009339,0.3995311,0.6994504,1223.718756,1223.719301,1223.737025,1223.737025,1223.737025,1225.826408,300,1,[2.089089100016281],[2.0890967000159435],1,1,2025-10-21_19h07.32.983,intentional_binding_exp,,2025.1.1,60.24956575,2025-10-21 19h07.44.775889 +0530
0.1,1000,exp,274,10,22,space,0.0589963,None,200,1,[2.297692799998913],[2.2977020000107586],22,10,274,3,1225.841402,,1225.826636,1225.841402,1226.841184,1226.841184,1226.841184,1226.908544,space,0.0589963,None,1226.909741,0.0993114,0.3992432,1227.319147,1227.31977,1227.343853,1227.343853,1227.343853,1229.641932,200,1,[2.297692799998913],[2.2977020000107586],1,1,2025-10-21_19h07.32.983,intentional_binding_exp,,2025.1.1,60.24956575,2025-10-21 19h07.44.775889 +0530
0.4,1000,exp,275,11,22,space,0.1459282,None,200,1,[1.7764138999918941],[1.7764231000037398],22,11,275,4,1229.657481,,1229.642251,1229.657481,1230.657654,1230.657654,1230.657654,1230.808217,space,0.1459282,None,1230.809376,0.3992409,0.6991327,1231.519022,1231.519882,1231.548056,1231.548056,1231.548056,1233.324874,200,1,[1.7764138999918941],[1.7764231000037398],1,1,2025-10-21_19h07.32.983,intentional_binding_exp,,2025.1.1,60.24956575,2025-10-21 19h07.44.775889 +0530
0.4,400,unexp,276,0,23,space,0.2182755,None,400,1,[1.5106022999971174],[1.5106093999929726],23,0,276,1,1233.340367,,1233.325173,1233.340367,1234.340604,1234.340604,1234.340604,1234.574554,space,0.2182755,None,1234.576116,0.3990317,0.6992273,1235.289958,1235.290592,1235.313586,1235.313586,1235.313586,1236.82444,400,1,[1.5106022999971174],[1.5106093999929726],1,1,2025-10-21_19h07.32.983,intentional_binding_exp,,2025.1.1,60.24956575,2025-10-21 19h07.44.775889 +0530
0.1,400,unexp,277,1,23,space,0.3921838,None,100,1,[1.474626699986402],[1.4746343999868259],23,1,277,0,1236.840342,,1236.824655,1236.840342,1237.823505,1237.823505,1237.840019,1238.22435,space,0.3921838,None,1238.225906,0.0992732,0.3992374,1238.641288,1238.642037,1238.668805,1238.668805,1238.668805,1240.143742,100,1,[1.474626699986402],[1.4746343999868259],1,1,2025-10-21_19h07.32.983,intentional_binding_exp,,2025.1.1,60.24956575,2025-10-21 19h07.44.775889 +0530
0.1,1000,exp,278,2,23,space,0.1979036,None,200,1,[1.4497227999963798],[1.4497374999918975],23,2,278,9,1240.156606,,1240.143955,1240.156606,1241.156778,1241.156778,1241.156778,1241.358614,space,0.1979036,None,1241.36101,0.11477,0.414823,1241.788882,1241.790112,1241.82425,1241.82425,1241.82425,1243.274497,200,1,[1.4497227999963798],[1.4497374999918975],1,1,2025-10-21_19h07.32.983,intentional_binding_exp,,2025.1.1,60.24956575,2025-10-21 19h07.44.775889 +0530
0.4,1000,exp,279,3,23,space,0.2556514,None,300,1,[1.4965312000131235],[1.4965376000036485],23,3,279,7,1243.289556,,1243.275197,1243.289556,1244.289758,1244.289758,1244.289758,1244.558138,space,0.2556514,None,1244.559855,0.4149463,0.7149434,1245.29088,1245.291743,1245.326767,1245.326767,1245.326767,1246.823684,300,1,[1.4965312000131235],[1.4965376000036485],1,1,2025-10-21_19h07.32.983,intentional_binding_exp,,2025.1.1,60.24956575,2025-10-21 19h07.44.775889 +0530
0.4,1000,exp,280,4,23,space,0.4634933,None,300,1,[1.8459715000062715],[1.8459799999836832],23,4,280,4,1246.83927,,1246.823878,1246.83927,1247.838965,1247.838965,1247.838965,1248.308229,space,0.4634933,None,1248.31052,0.4138573,0.714428,1249.04183,1249.042722,1249.077485,1249.077485,1249.077485,1250.923872,300,1,[1.8459715000062715],[1.8459799999836832],1,1,2025-10-21_19h07.32.983,intentional_binding_exp,,2025.1.1,60.24956575,2025-10-21 19h07.44.775889 +0530
0.7,1000,exp,281,5,23,space,0.8516007,None,300,1,[1.9333448999968823],[1.933357400004752],23,5,281,8,1250.938824,,1250.924121,1250.938824,1251.93899,1251.93899,1251.93899,1252.805904,space,0.8516007,None,1252.807284,0.6997667,0.9993556,1253.822786,1253.823676,1253.856384,1253.856384,1253.856384,1255.790214,300,1,[1.9333448999968823],[1.933357400004752],1,1,2025-10-21_19h07.32.983,intentional_binding_exp,,2025.1.1,60.24956575,2025-10-21 19h07.44.775889 +0530
0.7,1000,exp,282,6,23,space,0.2434858,None,400,1,[2.3976614999992307],[2.3976753000169992],23,6,282,5,1255.80534,,1255.790593,1255.80534,1256.805058,1256.805058,1256.805058,1257.056167,space,0.2434858,None,1257.058102,0.7154071,1.0151682,1258.087553,1258.088177,1258.108153,1258.108153,1258.108153,1260.506217,400,1,[2.3976614999992307],[2.3976753000169992],1,1,2025-10-21_19h07.32.983,intentional_binding_exp,,2025.1.1,60.24956575,2025-10-21 19h07.44.775889 +0530
0.4,1000,exp,283,7,23,space,0.2686058,None,400,1,[2.0993889999808744],[2.0994039999786764],23,7,283,10,1260.521251,,1260.506446,1260.521251,1261.520879,1261.520879,1261.520879,1261.804898,space,0.2686058,None,1261.806277,0.3998539,0.6996844,1262.52168,1262.5226,1262.555548,1262.555548,1262.555548,1264.655612,400,1,[2.0993889999808744],[2.0994039999786764],1,1,2025-10-21_19h07.32.983,intentional_binding_exp,,2025.1.1,60.24956575,2025-10-21 19h07.44.775889 +0530
0.1,1000,exp,284,8,23,space,0.281529,None,100,1,[1.755118200002471],[1.7551252999983262],23,8,284,3,1264.670773,,1264.655827,1264.670773,1265.67092,1265.67092,1265.67092,1265.954991,space,0.281529,None,1265.957499,0.0993648,0.3991809,1266.371411,1266.372323,1266.399426,1266.399426,1266.399426,1268.154851,100,1,[1.755118200002471],[1.7551252999983262],1,1,2025-10-21_19h07.32.983,intentional_binding_exp,,2025.1.1,60.24956575,2025-10-21 19h07.44.775889 +0530
0.1,1000,exp,285,9,23,space,0.0488544,None,100,1,[1.5919190999993589],[1.5919278000073973],23,9,285,6,1268.170396,,1268.155075,1268.170396,1269.170157,1269.170157,1269.170157,1269.220763,space,0.0488544,None,1269.221965,0.0994299,0.3997983,1269.629434,1269.630335,1269.662554,1269.662554,1269.662554,1271.254811,100,1,[1.5919190999993589],[1.5919278000073973],1,1,2025-10-21_19h07.32.983,intentional_binding_exp,,2025.1.1,60.24956575,2025-10-21 19h07.44.775889 +0530
0.7,400,unexp,286,10,23,space,0.0165795,None,400,1,[1.7926796000101604],[1.792690100002801],23,10,286,2,1271.269954,,1271.25509,1271.269954,1272.269896,1272.269896,1272.269896,1272.286927,space,0.0165795,None,1272.287529,0.7003666,1.0005458,1273.298623,1273.299497,1273.327903,1273.327903,1273.327903,1275.121025,400,1,[1.7926796000101604],[1.792690100002801],1,1,2025-10-21_19h07.32.983,intentional_binding_exp,,2025.1.1,60.24956575,2025-10-21 19h07.44.775889 +0530
0.7,1000,exp,287,11,23,space,0.2569779,None,400,1,[1.8871079999953508],[1.8871328000095673],23,11,287,11,1275.136407,,1275.121367,1275.136407,1276.136605,1276.136605,1276.136605,1276.40485,space,0.2569779,None,1276.408622,0.7148541,1.0149182,1277.429211,1277.430452,1277.46801,1277.46801,1277.46801,1279.356015,400,1,[1.8871079999953508],[1.8871328000095673],1,1,2025-10-21_19h07.32.983,intentional_binding_exp,,2025.1.1,60.24956575,2025-10-21 19h07.44.775889 +0530
0.7,1000,exp,288,0,24,space,0.2423832,None,500,1,[1.287871400010772],[1.2879105000174604],24,0,288,11,1279.369088,,1279.3567,1279.369088,1280.369515,1280.369515,1280.369515,1280.620914,space,0.2423832,None,1280.622664,0.7149883,1.0153473,1281.648557,1281.649167,1281.66731,1281.66731,1281.66731,1282.956173,500,1,[1.287871400010772],[1.2879105000174604],1,1,2025-10-21_19h07.32.983,intentional_binding_exp,,2025.1.1,60.24956575,2025-10-21 19h07.44.775889 +0530
0.1,400,unexp,289,1,24,space,0.1659209,None,100,1,[1.9760981000144966],[1.9761096000147518],24,1,289,0,1282.968878,,1282.957007,1282.968878,1283.968699,1283.968699,1283.968699,1284.136151,space,0.1659209,None,1284.136933,0.099357,0.4000407,1284.551168,1284.552058,1284.578957,1284.578957,1284.578957,1286.555456,100,1,[1.9760981000144966],[1.9761096000147518],1,1,2025-10-21_19h07.32.983,intentional_binding_exp,,2025.1.1,60.24956575,2025-10-21 19h07.44.775889 +0530
0.7,1000,exp,290,2,24,space,0.2602596,None,200,1,[2.467621699994197],[2.467634200002067],24,2,290,5,1286.568266,,1286.555805,1286.568266,1287.568331,1287.568331,1287.568331,1287.835602,space,0.2602596,None,1287.83649,0.6998428,0.9993231,1288.849191,1288.849831,1288.867932,1288.867932,1288.867932,1291.335993,200,1,[2.467621699994197],[2.467634200002067],1,1,2025-10-21_19h07.32.983,intentional_binding_exp,,2025.1.1,60.24956575,2025-10-21 19h07.44.775889 +0530
0.4,400,unexp,291,3,24,space,0.261761,None,300,1,[1.9026916999719106],[1.902697299985448],24,3,291,1,1291.351238,,1291.3363,1291.351238,1292.351606,1292.351606,1292.351606,1292.61892,space,0.261761,None,1292.620642,0.3991469,0.6994796,1293.331119,1293.332236,1293.366221,1293.366221,1293.366221,1295.269186,300,1,[1.9026916999719106],[1.902697299985448],1,1,2025-10-21_19h07.32.983,intentional_binding_exp,,2025.1.1,60.24956575,2025-10-21 19h07.44.775889 +0530
0.4,1000,exp,292,4,24,space,0.5501249,None,200,1,[3.195603800006211],[3.195619000005536],24,4,292,10,1295.284268,,1295.269369,1295.284268,1296.284666,1296.284666,1296.284666,1296.851327,space,0.5501249,None,1296.852375,0.3994777,0.6993568,1297.569166,1297.569738,1297.589552,1297.589552,1297.589552,1300.7857,200,1,[3.195603800006211],[3.195619000005536],1,1,2025-10-21_19h07.32.983,intentional_binding_exp,,2025.1.1,60.24956575,2025-10-21 19h07.44.775889 +0530
0.1,1000,exp,293,5,24,space,0.2800042,None,300,1,[2.10689250001451],[2.1068999000126496],24,5,293,3,1300.800532,,1300.786178,1300.800532,1301.800624,1301.800624,1301.800624,1302.084817,space,0.2800042,None,1302.087792,0.099229,0.3992723,1302.499278,1302.500196,1302.527437,1302.527437,1302.527437,1304.634731,300,1,[2.10689250001451],[2.1068999000126496],1,1,2025-10-21_19h07.32.983,intentional_binding_exp,,2025.1.1,60.24956575,2025-10-21 19h07.44.775889 +0530
0.7,400,unexp,294,6,24,space,0.1840078,None,400,1,[1.1909856999991462],[1.1910027999838348],24,6,294,2,1304.649902,,1304.635093,1304.649902,1305.649892,1305.649892,1305.649892,1305.85046,space,0.1840078,None,1305.851613,0.6995323,0.9993711,1306.8613,1306.861856,1306.883147,1306.883147,1306.883147,1308.074751,400,1,[1.1909856999991462],[1.1910027999838348],1,1,2025-10-21_19h07.32.983,intentional_binding_exp,,2025.1.1,60.24956575,2025-10-21 19h07.44.775889 +0530
0.4,1000,exp,295,7,24,space,0.3326832,None,200,1,[1.6954625000071246],[1.6954838999954518],24,7,295,7,1308.083383,,1308.075368,1308.083383,1309.083332,1309.083332,1309.083332,1309.418344,space,0.3326832,None,1309.420652,0.4148432,0.7143029,1310.149821,1310.150157,1310.161944,1310.161944,1310.161944,1311.858062,200,1,[1.6954625000071246],[1.6954838999954518],1,1,2025-10-21_19h07.32.983,intentional_binding_exp,,2025.1.1,60.24956575,2025-10-21 19h07.44.775889 +0530
0.7,1000,exp,296,8,24,space,0.2667829,None,400,1,[2.310963299998548],[2.310970799997449],24,8,296,8,1311.866177,,1311.858663,1311.866177,1312.866333,1312.866333,1312.866333,1313.150329,space,0.2667829,None,1313.15203,0.699193,0.9988695,1314.16327,1314.164288,1314.189644,1314.189644,1314.189644,1316.50092,400,1,[2.310963299998548],[2.310970799997449],1,1,2025-10-21_19h07.32.983,intentional_binding_exp,,2025.1.1,60.24956575,2025-10-21 19h07.44.775889 +0530
0.1,1000,exp,297,9,24,space,0.351783,None,300,1,[2.6018278999836184],[2.6018373999977484],24,9,297,9,1316.515539,,1316.501166,1316.515539,1317.515867,1317.515867,1317.515867,1317.88326,space,0.351783,None,1317.884984,0.0992079,0.3991309,1318.300983,1318.301917,1318.331212,1318.331212,1318.331212,1320.933415,300,1,[2.6018278999836184],[2.6018373999977484],1,1,2025-10-21_19h07.32.983,intentional_binding_exp,,2025.1.1,60.24956575,2025-10-21 19h07.44.775889 +0530
0.1,1000,exp,298,10,24,space,0.2627226,None,100,1,[1.6629179000156],[1.6629304999951273],24,10,298,6,1320.9481,,1320.933729,1320.9481,1321.948592,1321.948592,1321.948592,1322.216592,space,0.2627226,None,1322.219131,0.1151396,0.4149978,1322.649587,1322.650137,1322.669907,1322.669907,1322.669907,1324.333269,100,1,[1.6629179000156],[1.6629304999951273],1,1,2025-10-21_19h07.32.983,intentional_binding_exp,,2025.1.1,60.24956575,2025-10-21 19h07.44.775889 +0530
0.4,1000,exp,299,11,24,space,0.1092111,None,300,1,[1.7979935000184923],[1.798023400013335],24,11,299,4,1324.347985,,1324.333615,1324.347985,1325.347849,1325.347849,1325.347849,1325.466227,space,0.1092111,None,1325.470553,0.41364,0.7135574,1326.198776,1326.19939,1326.221352,1326.221352,1326.221352,1328.020267,300,1,[1.7979935000184923],[1.798023400013335],1,1,2025-10-21_19h07.32.983,intentional_binding_exp,,2025.1.1,60.24956575,2025-10-21 19h07.44.775889 +0530
0.1,1000,exp,300,0,25,space,0.1489329,None,200,1,[2.837552199984202],[2.8375683999911416],25,0,300,3,1328.030905,,1328.020864,1328.030905,1329.030917,1329.030917,1329.030917,1329.182236,space,0.1489329,None,1329.184458,0.1161007,0.4154539,1329.607536,1329.608108,1329.629664,1329.629664,1329.629664,1332.467753,200,1,[2.837552199984202],[2.8375683999911416],1,1,2025-10-21_19h07.32.983,intentional_binding_exp,,2025.1.1,60.24956575,2025-10-21 19h07.44.775889 +0530
0.4,400,unexp,301,1,25,space,0.2761739,None,400,1,[1.9353334000043105],[1.9353396999940742],25,1,301,1,1332.480531,,1332.468135,1332.480531,1333.480805,1333.480805,1333.480805,1333.765108,space,0.2761739,None,1333.768336,0.4155915,0.7153845,1334.498622,1334.499492,1334.529083,1334.529083,1334.529083,1336.464714,400,1,[1.9353334000043105],[1.9353396999940742],1,1,2025-10-21_19h07.32.983,intentional_binding_exp,,2025.1.1,60.24956575,2025-10-21 19h07.44.775889 +0530
0.1,1000,exp,302,2,25,space,0.1520859,None,200,1,[1.7032956999901216],[1.7033029000158422],25,2,302,9,1336.480057,,1336.464907,1336.480057,1337.464595,1337.464595,1337.480218,1337.631212,space,0.1520859,None,1337.632929,0.1156006,0.416035,1338.059521,1338.060376,1338.094438,1338.094438,1338.094438,1339.798083,200,1,[1.7032956999901216],[1.7033029000158422],1,1,2025-10-21_19h07.32.983,intentional_binding_exp,,2025.1.1,60.24956575,2025-10-21 19h07.44.775889 +0530
0.1,1000,exp,303,3,25,space,0.2446499,None,400,1,[2.1529829000064638],[2.1530066000123043],25,3,303,6,1339.813675,,1339.798323,1339.813675,1340.813506,1340.813506,1340.813506,1341.064453,space,0.2446499,None,1341.066676,0.1155835,0.4156269,1341.490385,1341.490899,1341.511663,1341.511663,1341.511663,1343.665483,400,1,[2.1529829000064638],[2.1530066000123043],1,1,2025-10-21_19h07.32.983,intentional_binding_exp,,2025.1.1,60.24956575,2025-10-21 19h07.44.775889 +0530
0.7,1000,exp,304,4,25,space,0.1449935,None,100,1,[1.7434116999793332],[1.7434213999949861],25,4,304,5,1343.679461,,1343.666272,1343.679461,1344.679577,1344.679577,1344.679577,1344.829763,space,0.1449935,None,1344.830341,0.6995873,0.9994147,1345.840181,1345.840549,1345.85364,1345.85364,1345.85364,1347.597481,100,1,[1.7434116999793332],[1.7434213999949861],1,1,2025-10-21_19h07.32.983,intentional_binding_exp,,2025.1.1,60.24956575,2025-10-21 19h07.44.775889 +0530
0.4,1000,exp,305,5,25,space,0.0072212,None,100,1,[1.0185475000180304],[1.0185552000184543],25,5,305,10,1347.61244,,1347.597832,1347.61244,1348.612319,1348.612319,1348.612319,1348.629406,space,0.0072212,None,1348.630144,0.3994441,0.7005927,1349.339863,1349.340769,1349.378866,1349.378866,1349.378866,1350.397734,100,1,[1.0185475000180304],[1.0185552000184543],1,1,2025-10-21_19h07.32.983,intentional_binding_exp,,2025.1.1,60.24956575,2025-10-21 19h07.44.775889 +0530
0.4,1000,exp,306,6,25,space,0.055649,None,300,1,[2.2188398000143934],[2.2188462000049185],25,6,306,4,1350.412197,,1350.397928,1350.412197,1351.412493,1351.412493,1351.412493,1351.479723,space,0.055649,None,1351.48146,0.3991424,0.699053,1352.191548,1352.192426,1352.227058,1352.227058,1352.227058,1354.446261,300,1,[2.2188398000143934],[2.2188462000049185],1,1,2025-10-21_19h07.32.983,intentional_binding_exp,,2025.1.1,60.24956575,2025-10-21 19h07.44.775889 +0530
0.7,400,unexp,307,7,25,space,0.2155947,None,400,1,[2.411427499988349],[2.4114455999806523],25,7,307,2,1354.461706,,1354.446453,1354.461706,1355.461734,1355.461734,1355.461734,1355.679653,space,0.2155947,None,1355.681331,0.7149598,1.0154703,1356.713752,1356.714666,1356.753488,1356.753488,1356.753488,1359.165605,400,1,[2.411427499988349],[2.4114455999806523],1,1,2025-10-21_19h07.32.983,intentional_binding_exp,,2025.1.1,60.24956575,2025-10-21 19h07.44.775889 +0530
0.7,1000,exp,308,8,25,space,0.1965888,None,200,1,[2.033344000024954],[2.0333613000111654],25,8,308,8,1359.177584,,1359.166147,1359.177584,1360.177747,1360.177747,1360.177747,1360.379164,space,0.1965888,None,1360.38098,0.6990532,0.9987525,1361.393721,1361.394738,1361.431528,1361.431528,1361.431528,1363.465554,200,1,[2.033344000024954],[2.0333613000111654],1,1,2025-10-21_19h07.32.983,intentional_binding_exp,,2025.1.1,60.24956575,2025-10-21 19h07.44.775889 +0530
0.1,400,unexp,309,9,25,space,0.1122241,None,400,1,[3.0890727000078186],[3.089079600002151],25,9,309,0,1363.477187,,1363.465927,1363.477187,1364.477248,1364.477248,1364.477248,1364.594645,space,0.1122241,None,1364.595387,0.0990296,0.3991198,1365.009777,1365.010146,1365.022381,1365.022381,1365.022381,1368.111704,400,1,[3.0890727000078186],[3.089079600002151],1,1,2025-10-21_19h07.32.983,intentional_binding_exp,,2025.1.1,60.24956575,2025-10-21 19h07.44.775889 +0530
0.7,1000,exp,310,10,25,space,0.2720692,None,400,1,[2.054806300002383],[2.0548129999951925],25,10,310,11,1368.127022,,1368.111908,1368.127022,1369.127356,1369.127356,1369.127356,1369.410884,space,0.2720692,None,1369.411488,0.6995748,0.999392,1370.419634,1370.420541,1370.455792,1370.455792,1370.455792,1372.510961,400,1,[2.054806300002383],[2.0548129999951925],1,1,2025-10-21_19h07.32.983,intentional_binding_exp,,2025.1.1,60.24956575,2025-10-21 19h07.44.775889 +0530
0.4,1000,exp,311,11,25,space,0.2879593,None,300,1,[2.124049800011562],[2.124057700013509],25,11,311,7,1372.526721,,1372.511202,1372.526721,1373.510141,1373.510141,1373.526995,1373.810281,space,0.2879593,None,1373.810863,0.3995363,0.6995165,1374.520655,1374.521418,1374.553227,1374.553227,1374.553227,1376.677631,300,1,[2.124049800011562],[2.124057700013509],1,1,2025-10-21_19h07.32.983,intentional_binding_exp,,2025.1.1,60.24956575,2025-10-21 19h07.44.775889 +0530
0.7,1000,exp,312,0,26,space,0.8312434,None,500,1,[1.0770788999798242],[1.0770848999964073],26,0,312,5,1376.692853,,1376.677864,1376.692853,1377.692882,1377.692882,1377.692882,1378.5283,space,0.8312434,None,1378.530083,0.7147246,1.0141722,1379.559379,1379.560029,1379.582593,1379.582593,1379.582593,1380.659953,500,1,[1.0770788999798242],[1.0770848999964073],1,1,2025-10-21_19h07.32.983,intentional_binding_exp,,2025.1.1,60.24956575,2025-10-21 19h07.44.775889 +0530
0.7,1000,exp,313,1,26,space,0.304445,None,600,1,[3.942340699984925],[3.942351099976804],26,1,313,8,1380.675704,,1380.660241,1380.675704,1381.659219,1381.659219,1381.675857,1381.977155,space,0.304445,None,1381.979155,0.7149609,1.0148111,1383.00938,1383.009766,1383.022013,1383.022013,1383.022013,1386.964753,600,1,[3.942340699984925],[3.942351099976804],1,1,2025-10-21_19h07.32.983,intentional_binding_exp,,2025.1.1,60.24956575,2025-10-21 19h07.44.775889 +0530
0.7,400,unexp,314,2,26,space,0.2331032,None,400,1,[1.9741639000130817],[1.9741806000238284],26,2,314,2,1386.975069,,1386.965064,1386.975069,1387.975197,1387.975197,1387.975197,1388.209105,space,0.2331032,None,1388.210029,0.6995372,0.9994425,1389.223628,1389.224561,1389.252124,1389.252124,1389.252124,1391.226893,400,1,[1.9741639000130817],[1.9741806000238284],1,1,2025-10-21_19h07.32.983,intentional_binding_exp,,2025.1.1,60.24956575,2025-10-21 19h07.44.775889 +0530
0.1,1000,exp,315,3,26,space,0.3958745,None,300,1,[2.526946499972837],[2.5269527999917045],26,3,315,9,1391.241272,,1391.227375,1391.241272,1392.241593,1392.241593,1392.241593,1392.642502,space,0.3958745,None,1392.644205,0.0990863,0.3989511,1393.061056,1393.06196,1393.099085,1393.099085,1393.099085,1395.626346,300,1,[2.526946499972837],[2.5269527999917045],1,1,2025-10-21_19h07.32.983,intentional_binding_exp,,2025.1.1,60.24956575,2025-10-21 19h07.44.775889 +0530
0.1,1000,exp,316,4,26,space,0.3974191,None,200,1,[1.6842179000086617],[1.684232500003418],26,4,316,3,1395.641032,,1395.62653,1395.641032,1396.640817,1396.640817,1396.640817,1397.040961,space,0.3974191,None,1397.041724,0.0997308,0.3996373,1397.445892,1397.446336,1397.459207,1397.459207,1397.459207,1399.143939,200,1,[1.6842179000086617],[1.684232500003418],1,1,2025-10-21_19h07.32.983,intentional_binding_exp,,2025.1.1,60.24956575,2025-10-21 19h07.44.775889 +0530
0.7,1000,exp,317,5,26,space,0.2518168,None,300,1,[3.7294172999972943],[3.7294238000176847],26,5,317,11,1399.157265,,1399.144385,1399.157265,1400.156982,1400.156982,1400.156982,1400.425052,space,0.2518168,None,1400.428151,0.6990315,0.9989036,1401.441668,1401.442547,1401.478857,1401.478857,1401.478857,1405.208605,300,1,[3.7294172999972943],[3.7294238000176847],1,1,2025-10-21_19h07.32.983,intentional_binding_exp,,2025.1.1,60.24956575,2025-10-21 19h07.44.775889 +0530
0.1,400,unexp,318,6,26,space,0.3636896,None,400,1,[2.610991399997147],[2.6109999000036623],26,6,318,0,1405.223249,,1405.208788,1405.223249,1406.223251,1406.223251,1406.223251,1406.591156,space,0.3636896,None,1406.593273,0.0990744,0.3983772,1407.000886,1407.001202,1407.012825,1407.012825,1407.012825,1409.624151,400,1,[2.610991399997147],[2.6109999000036623],1,1,2025-10-21_19h07.32.983,intentional_binding_exp,,2025.1.1,60.24956575,2025-10-21 19h07.44.775889 +0530
0.1,1000,exp,319,7,26,space,0.4869913,None,400,1,[588.488314599992],[588.4883242000069],26,7,319,6,1409.639514,,1409.624408,1409.639514,1410.639493,1410.639493,1410.639493,1411.139745,space,0.4869913,None,1411.140308,0.0995885,0.3995007,1411.547947,1411.548276,1411.559736,1411.559736,1411.559736,2000.048445,400,1,[588.488314599992],[588.4883242000069],1,1,2025-10-21_19h07.32.983,intentional_binding_exp,,2025.1.1,60.24956575,2025-10-21 19h07.44.775889 +0530
0.4,1000,exp,320,8,26,space,0.3025891,None,200,1,[1.700246899999911],[1.7002589000039734],26,8,320,10,2000.063589,,2000.048804,2000.063589,2001.06348,2001.06348,2001.06348,2001.380655,space,0.3025891,None,2001.381986,0.3992553,0.699445,2002.090612,2002.091257,2002.113969,2002.113969,2002.113969,2003.814613,200,1,[1.700246899999911],[1.7002589000039734],1,1,2025-10-21_19h07.32.983,intentional_binding_exp,,2025.1.1,60.24956575,2025-10-21 19h07.44.775889 +0530
0.4,1000,exp,321,9,26,space,0.1317906,None,300,1,[1.45911480000359],[1.4591216999979224],26,9,321,4,2003.830007,,2003.815693,2003.830007,2004.829917,2004.829917,2004.829917,2004.964225,space,0.1317906,None,2004.96621,0.3990869,0.6986648,2005.676441,2005.676782,2005.688637,2005.688637,2005.688637,2007.148011,300,1,[1.45911480000359],[1.4591216999979224],1,1,2025-10-21_19h07.32.983,intentional_binding_exp,,2025.1.1,60.24956575,2025-10-21 19h07.44.775889 +0530
0.4,400,unexp,322,10,26,space,0.041586,None,400,1,[1.6449200000206474],[1.644932900002459],26,10,322,1,2007.16282,,2007.148237,2007.16282,2008.16293,2008.16293,2008.16293,2008.213614,space,0.041586,None,2008.21519,0.3991915,0.6991694,2008.928337,2008.928995,2008.95206,2008.95206,2008.95206,2010.597634,400,1,[1.6449200000206474],[1.644932900002459],1,1,2025-10-21_19h07.32.983,intentional_binding_exp,,2025.1.1,60.24956575,2025-10-21 19h07.44.775889 +0530
0.4,1000,exp,323,11,26,space,0.1726652,None,400,1,[1.439597499993397],[1.439604600018356],26,11,323,7,2010.612823,,2010.598124,2010.612823,2011.612223,2011.612223,2011.612223,2011.796666,space,0.1726652,None,2011.797956,0.3998519,0.6999861,2012.512524,2012.513563,2012.54067,2012.54067,2012.54067,2013.980582,400,1,[1.439597499993397],[1.439604600018356],1,1,2025-10-21_19h07.32.983,intentional_binding_exp,,2025.1.1,60.24956575,2025-10-21 19h07.44.775889 +0530
0.7,1000,exp,324,0,27,space,0.2755392,None,500,1,[1.1483257000218146],[1.148332400014624],27,0,324,5,2013.995553,,2013.980813,2013.995553,2014.995415,2014.995415,2014.995415,2015.278892,space,0.2755392,None,2015.27948,0.7001239,1.0000662,2016.289217,2016.290091,2016.314045,2016.314045,2016.314045,2017.462659,500,1,[1.1483257000218146],[1.148332400014624],1,1,2025-10-21_19h07.32.983,intentional_binding_exp,,2025.1.1,60.24956575,2025-10-21 19h07.44.775889 +0530
0.4,1000,exp,325,1,27,space,0.0061982,None,100,1,[1.4173108999966644],[1.417318099993281],27,1,325,4,2017.478262,,2017.462893,2017.478262,2018.478445,2018.478445,2018.478445,2018.495744,space,0.0061982,None,2018.496472,0.3991859,0.6995822,2019.212587,2019.213503,2019.245874,2019.245874,2019.245874,2020.663532,100,1,[1.4173108999966644],[1.417318099993281],1,1,2025-10-21_19h07.32.983,intentional_binding_exp,,2025.1.1,60.24956575,2025-10-21 19h07.44.775889 +0530
0.1,1000,exp,326,2,27,space,0.0207477,None,300,1,[1.5189113999949768],[1.5189271999988705],27,2,326,6,2020.678091,,2020.663756,2020.678091,2021.67815,2021.67815,2021.67815,2021.711933,space,0.0207477,None,2021.712888,0.0996165,0.3999269,2022.131468,2022.132857,2022.161858,2022.161858,2022.161858,2023.681302,300,1,[1.5189113999949768],[1.5189271999988705],1,1,2025-10-21_19h07.32.983,intentional_binding_exp,,2025.1.1,60.24956575,2025-10-21 19h07.44.775889 +0530
0.1,1000,exp,327,3,27,space,0.3220465,None,400,1,[1.7358924000000115],[1.7359091999824159],27,3,327,3,2023.694601,,2023.68179,2023.694601,2024.694785,2024.694785,2024.694785,2025.029267,space,0.3220465,None,2025.03126,0.1156336,0.4155131,2025.459919,2025.460786,2025.49364,2025.49364,2025.49364,2027.230135,400,1,[1.7358924000000115],[1.7359091999824159],1,1,2025-10-21_19h07.32.983,intentional_binding_exp,,2025.1.1,60.24956575,2025-10-21 19h07.44.775889 +0530
0.7,400,unexp,328,4,27,space,0.279232,None,500,1,[1.1601788000261877],[1.1601874000043608],27,4,328,2,2027.244084,,2027.230598,2027.244084,2028.244524,2028.244524,2028.244524,2028.528147,space,0.279232,None,2028.529191,0.6995547,0.9995787,2029.539711,2029.54062,2029.584324,2029.584324,2029.584324,2030.744908,500,1,[1.1601788000261877],[1.1601874000043608],1,1,2025-10-21_19h07.32.983,intentional_binding_exp,,2025.1.1,60.24956575,2025-10-21 19h07.44.775889 +0530
0.1,400,unexp,329,5,27,space,0.2464735,None,200,1,[1.2416406999982428],[1.2416515999939293],27,5,329,0,2030.760392,,2030.74528,2030.760392,2031.760444,2031.760444,2031.760444,2032.011139,space,0.2464735,None,2032.012286,0.0992281,0.3992413,2032.430528,2032.431166,2032.453315,2032.453315,2032.453315,2033.695757,200,1,[1.2416406999982428],[1.2416515999939293],1,1,2025-10-21_19h07.32.983,intentional_binding_exp,,2025.1.1,60.24956575,2025-10-21 19h07.44.775889 +0530
0.1,1000,exp,330,6,27,space,0.0143301,None,150,1,[5.094667800003663],[5.094674399995711],27,6,330,9,2033.710209,,2033.696154,2033.710209,2034.710418,2034.710418,2034.710418,2034.728461,space,0.0143301,None,2034.73019,0.1153777,0.4153078,2035.163131,2035.16401,2035.199029,2035.199029,2035.199029,2040.294039,150,1,[5.094667800003663],[5.094674399995711],1,1,2025-10-21_19h07.32.983,intentional_binding_exp,,2025.1.1,60.24956575,2025-10-21 19h07.44.775889 +0530
0.4,1000,exp,331,7,27,space,0.0459586,None,300,1,[1.5471741000073962],[1.5471863000129815],27,7,331,7,2040.309372,,2040.29423,2040.309372,2041.293295,2041.293295,2041.309717,2041.343972,space,0.0459586,None,2041.346188,0.3990127,0.6991354,2042.0627,2042.063606,2042.097573,2042.097573,2042.097573,2043.64529,300,1,[1.5471741000073962],[1.5471863000129815],1,1,2025-10-21_19h07.32.983,intentional_binding_exp,,2025.1.1,60.24956575,2025-10-21 19h07.44.775889 +0530
0.7,1000,exp,332,8,27,space,0.2194645,None,400,1,[1.6967484999913722],[1.6967591999855358],27,8,332,8,2043.659045,,2043.645587,2043.659045,2044.659204,2044.659204,2044.659204,2044.893447,space,0.2194645,None,2044.894873,0.6992072,0.9991988,2045.90904,2045.910367,2045.946097,2045.946097,2045.946097,2047.643277,400,1,[1.6967484999913722],[1.6967591999855358],1,1,2025-10-21_19h07.32.983,intentional_binding_exp,,2025.1.1,60.24956575,2025-10-21 19h07.44.775889 +0530
0.7,1000,exp,333,9,27,space,0.2534165,None,400,1,[1.3857430000207387],[1.3857551000255626],27,9,333,11,2047.658742,,2047.643576,2047.658742,2048.642587,2048.642587,2048.659019,2048.90925,space,0.2534165,None,2048.910326,0.6997305,0.9996793,2049.920629,2049.921548,2049.957506,2049.957506,2049.957506,2051.343823,400,1,[1.3857430000207387],[1.3857551000255626],1,1,2025-10-21_19h07.32.983,intentional_binding_exp,,2025.1.1,60.24956575,2025-10-21 19h07.44.775889 +0530
0.4,400,unexp,334,10,27,space,0.2050903,None,400,1,[2.3581191999837756],[2.358126599981915],27,10,334,1,2051.35857,,2051.344144,2051.35857,2052.358318,2052.358318,2052.358318,2052.57709,space,0.2050903,None,2052.57926,0.4149141,0.7148717,2053.302815,2053.303705,2053.334057,2053.334057,2053.334057,2055.692528,400,1,[2.3581191999837756],[2.358126599981915],1,1,2025-10-21_19h07.32.983,intentional_binding_exp,,2025.1.1,60.24956575,2025-10-21 19h07.44.775889 +0530
0.4,1000,exp,335,11,27,space,0.2101812,None,300,1,[1.9838974999729544],[1.983906899986323],27,11,335,10,2055.707953,,2055.692755,2055.707953,2056.691473,2056.691473,2056.708295,2056.909418,space,0.2101812,None,2056.911168,0.4154739,0.7153514,2057.642851,2057.643719,2057.674392,2057.674392,2057.674392,2059.65862,300,1,[1.9838974999729544],[1.983906899986323],1,1,2025-10-21_19h07.32.983,intentional_binding_exp,,2025.1.1,60.24956575,2025-10-21 19h07.44.775889 +0530
0.1,1000,exp,336,0,28,space,0.0780447,None,200,1,[1.6596169999975245],[1.6596233999880496],28,0,336,9,2059.674152,,2059.658968,2059.674152,2060.673988,2060.673988,2060.673988,2060.757864,space,0.0780447,None,2060.758337,0.099583,0.399738,2061.168714,2061.169044,2061.181599,2061.181599,2061.181599,2062.841469,200,1,[1.6596169999975245],[1.6596233999880496],1,1,2025-10-21_19h07.32.983,intentional_binding_exp,,2025.1.1,60.24956575,2025-10-21 19h07.44.775889 +0530
0.7,400,unexp,337,1,28,space,0.1937307,None,400,1,[1.3001540999975987],[1.3001637000124902],28,1,337,2,2062.857207,,2062.841666,2062.857207,2063.857361,2063.857361,2063.857361,2064.057775,space,0.1937307,None,2064.058714,0.6998452,0.9997954,2065.070894,2065.071824,2065.108366,2065.108366,2065.108366,2066.408945,400,1,[1.3001540999975987],[1.3001637000124902],1,1,2025-10-21_19h07.32.983,intentional_binding_exp,,2025.1.1,60.24956575,2025-10-21 19h07.44.775889 +0530
0.4,1000,exp,338,2,28,space,0.1065624,None,200,1,[1.4138219000014942],[1.413828500022646],28,2,338,4,2066.42363,,2066.40921,2066.42363,2067.423507,2067.423507,2067.423507,2067.540522,space,0.1065624,None,2067.541569,0.3994522,0.6998198,2068.258319,2068.259241,2068.293965,2068.293965,2068.293965,2069.708054,200,1,[1.4138219000014942],[1.413828500022646],1,1,2025-10-21_19h07.32.983,intentional_binding_exp,,2025.1.1,60.24956575,2025-10-21 19h07.44.775889 +0530
0.7,1000,exp,339,3,28,space,0.1114152,None,500,1,[2.563610199984396],[2.5636202999739908],28,3,339,5,2069.723345,,2069.708249,2069.723345,2070.723117,2070.723117,2070.723117,2070.840234,space,0.1114152,None,2070.841194,0.6997992,0.9997976,2071.858117,2071.859167,2071.89332,2071.89332,2071.89332,2074.457402,500,1,[2.563610199984396],[2.5636202999739908],1,1,2025-10-21_19h07.32.983,intentional_binding_exp,,2025.1.1,60.24956575,2025-10-21 19h07.44.775889 +0530
0.1,1000,exp,340,4,28,space,0.1716814,None,200,1,[1.5317083000263665],[1.5317144000146072],28,4,340,3,2074.472863,,2074.457751,2074.472863,2075.472721,2075.472721,2075.472721,2075.658059,space,0.1716814,None,2075.66037,0.1150813,0.4149265,2076.089487,2076.090367,2076.124719,2076.124719,2076.124719,2077.656725,200,1,[1.5317083000263665],[1.5317144000146072],1,1,2025-10-21_19h07.32.983,intentional_binding_exp,,2025.1.1,60.24956575,2025-10-21 19h07.44.775889 +0530
0.1,1000,exp,341,5,28,space,0.2205509,None,200,1,[1.7823429999989457],[1.7823549000022467],28,5,341,6,2077.672645,,2077.656945,2077.672645,2078.656203,2078.656203,2078.672773,2078.890333,space,0.2205509,None,2078.892027,0.1153471,0.416154,2079.320475,2079.321423,2079.357718,2079.357718,2079.357718,2081.140508,200,1,[1.7823429999989457],[1.7823549000022467],1,1,2025-10-21_19h07.32.983,intentional_binding_exp,,2025.1.1,60.24956575,2025-10-21 19h07.44.775889 +0530
0.7,1000,exp,342,6,28,space,0.2357615,None,300,1,[1.7310762999986764],[1.731087899999693],28,6,342,8,2081.155318,,2081.14082,2081.155318,2082.155888,2082.155888,2082.155888,2082.407459,space,0.2357615,None,2082.409641,0.7147655,1.0147798,2083.440022,2083.441025,2083.475069,2083.475069,2083.475069,2085.206605,300,1,[1.7310762999986764],[1.731087899999693],1,1,2025-10-21_19h07.32.983,intentional_binding_exp,,2025.1.1,60.24956575,2025-10-21 19h07.44.775889 +0530
0.1,400,unexp,343,7,28,space,0.0151761,None,109,1,[3.127462399977958],[3.127478299982613],28,7,343,0,2085.221705,,2085.206996,2085.221705,2086.221477,2086.221477,2086.221477,2086.23864,space,0.0151761,None,2086.239409,0.0993543,0.3994682,2086.647581,2086.647973,2086.663029,2086.663029,2086.663029,2089.791071,109,1,[3.127462399977958],[3.127478299982613],1,1,2025-10-21_19h07.32.983,intentional_binding_exp,,2025.1.1,60.24956575,2025-10-21 19h07.44.775889 +0530
0.4,1000,exp,344,8,28,space,0.251736,None,200,1,[2.001400500012096],[2.0014081000117585],28,8,344,10,2089.804472,,2089.791599,2089.804472,2090.805006,2090.805006,2090.805006,2091.058778,space,0.251736,None,2091.060566,0.4125753,0.7118765,2091.790988,2091.79137,2091.80431,2091.80431,2091.80431,2093.805977,200,1,[2.001400500012096],[2.0014081000117585],1,1,2025-10-21_19h07.32.983,intentional_binding_exp,,2025.1.1,60.24956575,2025-10-21 19h07.44.775889 +0530
0.7,1000,exp,345,9,28,space,0.2735462,None,300,1,[1.4567968000192195],[1.456803300010506],28,9,345,11,2093.820866,,2093.806249,2093.820866,2094.820628,2094.820628,2094.820628,2095.105619,space,0.2735462,None,2095.10831,0.7150097,1.0153031,2096.131565,2096.132456,2096.164604,2096.164604,2096.164604,2097.621684,300,1,[1.4567968000192195],[1.456803300010506],1,1,2025-10-21_19h07.32.983,intentional_binding_exp,,2025.1.1,60.24956575,2025-10-21 19h07.44.775889 +0530
0.4,400,unexp,346,10,28,space,0.2590458,None,400,1,[1.9056605999940075],[1.9056715999904554],28,10,346,1,2097.637325,,2097.621895,2097.637325,2098.620728,2098.620728,2098.637367,2098.888332,space,0.2590458,None,2098.890386,0.3990993,0.6991684,2099.598476,2099.599464,2099.63381,2099.63381,2099.63381,2101.539904,400,1,[1.9056605999940075],[1.9056715999904554],1,1,2025-10-21_19h07.32.983,intentional_binding_exp,,2025.1.1,60.24956575,2025-10-21 19h07.44.775889 +0530
0.4,1000,exp,347,11,28,space,0.0317696,None,200,1,[1.1903308000182733],[1.1903434000269044],28,11,347,7,2101.553264,,2101.540222,2101.553264,2102.553135,2102.553135,2102.553135,2102.587021,space,0.0317696,None,2102.588227,0.3993705,0.7000197,2103.298699,2103.299608,2103.334109,2103.334109,2103.334109,2104.524895,200,1,[1.1903308000182733],[1.1903434000269044],1,1,2025-10-21_19h07.32.983,intentional_binding_exp,,2025.1.1,60.24956575,2025-10-21 19h07.44.775889 +0530
0.7,1000,exp,348,0,29,space,0.2141504,None,400,1,[2.3294454000133555],[2.329452100006165],29,0,348,5,2104.53624,,2104.525523,2104.53624,2105.536256,2105.536256,2105.536256,2105.75364,space,0.2141504,None,2105.754887,0.6990095,0.9991602,2106.76742,2106.768134,2106.790383,2106.790383,2106.790383,2109.120118,400,1,[2.3294454000133555],[2.329452100006165],1,1,2025-10-21_19h07.32.983,intentional_binding_exp,,2025.1.1,60.24956575,2025-10-21 19h07.44.775889 +0530
0.7,400,unexp,349,1,29,space,0.155184,None,500,1,[1.9175953000085428],[1.9176045000203885],29,1,349,2,2109.135937,,2109.120343,2109.135937,2110.135873,2110.135873,2110.135873,2110.302846,space,0.155184,None,2110.303405,0.6995335,0.999495,2111.319353,2111.319778,2111.335227,2111.335227,2111.335227,2113.253203,500,1,[1.9175953000085428],[1.9176045000203885],1,1,2025-10-21_19h07.32.983,intentional_binding_exp,,2025.1.1,60.24956575,2025-10-21 19h07.44.775889 +0530
0.1,1000,exp,350,2,29,space,0.2172475,None,200,1,[1.3993566000135615],[1.3993628000025637],29,2,350,3,2113.26858,,2113.253515,2113.26858,2114.25246,2114.25246,2114.268948,2114.487258,space,0.2172475,None,2114.489219,0.1148399,0.414773,2114.92181,2114.922656,2114.953329,2114.953329,2114.953329,2116.353033,200,1,[1.3993566000135615],[1.3993628000025637],1,1,2025-10-21_19h07.32.983,intentional_binding_exp,,2025.1.1,60.24956575,2025-10-21 19h07.44.775889 +0530
0.1,1000,exp,351,3,29,space,0.2505724,None,100,1,[1.3559997999982443],[1.3560105000215117],29,3,351,9,2116.368503,,2116.353587,2116.368503,2117.368774,2117.368774,2117.368774,2117.636688,space,0.2505724,None,2117.640049,0.1149018,0.4148353,2118.068049,2118.068965,2118.096426,2118.096426,2118.096426,2119.452815,100,1,[1.3559997999982443],[1.3560105000215117],1,1,2025-10-21_19h07.32.983,intentional_binding_exp,,2025.1.1,60.24956575,2025-10-21 19h07.44.775889 +0530
0.4,1000,exp,352,4,29,space,0.1238025,None,300,1,[1.8226375000085682],[1.8226453000097536],29,4,352,4,2119.468262,,2119.453114,2119.468262,2120.468507,2120.468507,2120.468507,2120.602687,space,0.1238025,None,2120.604432,0.4153308,0.7152268,2121.328933,2121.329262,2121.363934,2121.363934,2121.363934,2123.186857,300,1,[1.8226375000085682],[1.8226453000097536],1,1,2025-10-21_19h07.32.983,intentional_binding_exp,,2025.1.1,60.24956575,2025-10-21 19h07.44.775889 +0530
0.4,1000,exp,353,5,29,space,0.3624591,None,300,1,[2.395004100020742],[2.3950132000027224],29,5,353,10,2123.201315,,2123.187082,2123.201315,2124.201583,2124.201583,2124.201583,2124.568948,space,0.3624591,None,2124.571107,0.3991092,0.6987933,2125.281656,2125.282345,2125.30663,2125.30663,2125.30663,2127.702035,300,1,[2.395004100020742],[2.3950132000027224],1,1,2025-10-21_19h07.32.983,intentional_binding_exp,,2025.1.1,60.24956575,2025-10-21 19h07.44.775889 +0530
0.7,1000,exp,354,6,29,space,0.2607451,None,500,1,[1.6835830000054557],[1.6835904000035953],29,6,354,8,2127.717239,,2127.702314,2127.717239,2128.717776,2128.717776,2128.717776,2128.985593,space,0.2607451,None,2128.988597,0.7151688,1.0150433,2130.008467,2130.009107,2130.034791,2130.034791,2130.034791,2131.718671,500,1,[1.6835830000054557],[1.6835904000035953],1,1,2025-10-21_19h07.32.983,intentional_binding_exp,,2025.1.1,60.24956575,2025-10-21 19h07.44.775889 +0530
0.7,1000,exp,355,7,29,space,0.2927273,None,400,1,[2.6739453000191133],[2.67395250001573],29,7,355,11,2131.733809,,2131.718872,2131.733809,2132.733857,2132.733857,2132.733857,2133.035366,space,0.2927273,None,2133.037736,0.7149613,1.0151936,2134.060707,2134.061687,2134.093386,2134.093386,2134.093386,2136.7677,400,1,[2.6739453000191133],[2.67395250001573],1,1,2025-10-21_19h07.32.983,intentional_binding_exp,,2025.1.1,60.24956575,2025-10-21 19h07.44.775889 +0530
0.1,1000,exp,356,8,29,space,0.1991482,None,200,1,[2.063653000019258],[2.063659400009783],29,8,356,6,2136.783167,,2136.767938,2136.783167,2137.783024,2137.783024,2137.783024,2137.984451,space,0.1991482,None,2137.986867,0.0990245,0.3989128,2138.40105,2138.401941,2138.436593,2138.436593,2138.436593,2140.500639,200,1,[2.063653000019258],[2.063659400009783],1,1,2025-10-21_19h07.32.983,intentional_binding_exp,,2025.1.1,60.24956575,2025-10-21 19h07.44.775889 +0530
0.4,1000,exp,357,9,29,space,0.2126354,None,200,1,[1.2577732999925502],[1.2577882999903522],29,9,357,7,2140.516307,,2140.500864,2140.516307,2141.499788,2141.499788,2141.516485,2141.717881,space,0.2126354,None,2141.719587,0.3990591,0.6989736,2142.430363,2142.431474,2142.460298,2142.460298,2142.460298,2143.718706,200,1,[1.2577732999925502],[1.2577882999903522],1,1,2025-10-21_19h07.32.983,intentional_binding_exp,,2025.1.1,60.24956575,2025-10-21 19h07.44.775889 +0530
0.4,400,unexp,358,10,29,space,0.3390759,None,300,1,[1.7121817000152078],[1.7121885000087786],29,10,358,1,2143.732692,,2143.719279,2143.732692,2144.732863,2144.732863,2144.732863,2145.083557,space,0.3390759,None,2145.085263,0.3991477,0.699125,2145.802746,2145.803655,2145.837067,2145.837067,2145.837067,2147.549643,300,1,[1.7121817000152078],[1.7121885000087786],1,1,2025-10-21_19h07.32.983,intentional_binding_exp,,2025.1.1,60.24956575,2025-10-21 19h07.44.775889 +0530
0.1,400,unexp,359,11,29,space,0.2948344,None,100,1,[1.8393464000255335],[1.8393533000198659],29,11,359,0,2147.565601,,2147.549861,2147.565601,2148.548582,2148.548582,2148.565526,2148.849448,space,0.2948344,None,2148.850575,0.0990131,0.3993064,2149.259408,2149.260276,2149.293732,2149.293732,2149.293732,2151.133357,100,1,[1.8393464000255335],[1.8393533000198659],1,1,2025-10-21_19h07.32.983,intentional_binding_exp,,2025.1.1,60.24956575,2025-10-21 19h07.44.775889 +0530
0.4,1000,exp,360,0,30,space,0.2998379,None,300,1,[1.6274883000005502],[1.6274941000156105],30,0,360,10,2151.148386,,2151.133562,2151.148386,2152.148629,2152.148629,2152.148629,2152.449874,space,0.2998379,None,2152.451586,0.4152148,0.7151066,2153.182451,2153.183331,2153.221179,2153.221179,2153.221179,2154.848963,300,1,[1.6274883000005502],[1.6274941000156105],1,1,2025-10-21_19h07.32.983,intentional_binding_exp,,2025.1.1,60.24956575,2025-10-21 19h07.44.775889 +0530
0.1,1000,exp,361,1,30,space,0.2419377,None,300,1,[2.0488769999938086],[2.048882600007346],30,1,361,3,2154.864969,,2154.849195,2154.864969,2155.848306,2155.848306,2155.865064,2156.099042,space,0.2419377,None,2156.100804,0.0991081,0.3990876,2156.51177,2156.51273,2156.549843,2156.549843,2156.549843,2158.59902,300,1,[2.0488769999938086],[2.048882600007346],1,1,2025-10-21_19h07.32.983,intentional_binding_exp,,2025.1.1,60.24956575,2025-10-21 19h07.44.775889 +0530
0.1,1000,exp,362,2,30,space,0.0123598,None,100,1,[1.2427913999999873],[1.2427977999905124],30,2,362,9,2158.614798,,2158.599202,2158.614798,2159.614654,2159.614654,2159.614654,2159.631962,space,0.0123598,None,2159.633686,0.0992165,0.3991955,2160.051544,2160.052457,2160.088716,2160.088716,2160.088716,2161.331866,100,1,[1.2427913999999873],[1.2427977999905124],1,1,2025-10-21_19h07.32.983,intentional_binding_exp,,2025.1.1,60.24956575,2025-10-21 19h07.44.775889 +0530
0.7,1000,exp,363,3,30,space,0.0023999,None,200,1,[4.0791103999945335],[4.0791169999865815],30,3,363,5,2161.347185,,2161.332069,2161.347185,2162.347429,2162.347429,2162.347429,2162.364314,space,0.0023999,None,2162.364909,0.6999812,1.0000065,2163.382574,2163.383473,2163.418289,2163.418289,2163.418289,2167.497765,200,1,[4.0791103999945335],[4.0791169999865815],1,1,2025-10-21_19h07.32.983,intentional_binding_exp,,2025.1.1,60.24956575,2025-10-21 19h07.44.775889 +0530
0.4,400,unexp,364,4,30,space,0.2526124,None,300,1,[2.694573400018271],[2.694581300020218],30,4,364,1,2167.513459,,2167.49798,2167.513459,2168.497149,2168.497149,2168.51375,2168.764676,space,0.2526124,None,2168.768022,0.4155268,0.7153104,2169.48894,2169.48983,2169.519184,2169.519184,2169.519184,2172.214116,300,1,[2.694573400018271],[2.694581300020218],1,1,2025-10-21_19h07.32.983,intentional_binding_exp,,2025.1.1,60.24956575,2025-10-21 19h07.44.775889 +0530
0.7,1000,exp,365,5,30,space,0.196901,None,400,1,[1.354430899984436],[1.3544401999970432],30,5,365,8,2172.229727,,2172.214366,2172.229727,2173.21334,2173.21334,2173.229897,2173.414007,space,0.196901,None,2173.416408,0.6991747,0.9986102,2174.429384,2174.429778,2174.4425,2174.4425,2174.4425,2175.797313,400,1,[1.354430899984436],[1.3544401999970432],1,1,2025-10-21_19h07.32.983,intentional_binding_exp,,2025.1.1,60.24956575,2025-10-21 19h07.44.775889 +0530
0.1,1000,exp,366,6,30,space,0.2438184,None,100,1,[1.8257524000073317],[1.8257669000013266],30,6,366,6,2175.812883,,2175.797537,2175.812883,2176.812572,2176.812572,2176.812572,2177.063224,space,0.2438184,None,2177.06431,0.0991872,0.3996475,2177.482412,2177.483301,2177.522783,2177.522783,2177.522783,2179.349053,100,1,[1.8257524000073317],[1.8257669000013266],1,1,2025-10-21_19h07.32.983,intentional_binding_exp,,2025.1.1,60.24956575,2025-10-21 19h07.44.775889 +0530
0.7,1000,exp,367,7,30,space,0.1092507,None,300,1,[1.1024869999964722],[1.1025018999935128],30,7,367,11,2179.362229,,2179.349766,2179.362229,2180.36229,2180.36229,2180.36229,2180.479937,space,0.1092507,None,2180.481639,0.6990964,0.9990628,2181.490758,2181.491628,2181.526204,2181.526204,2181.526204,2182.62962,300,1,[1.1024869999964722],[1.1025018999935128],1,1,2025-10-21_19h07.32.983,intentional_binding_exp,,2025.1.1,60.24956575,2025-10-21 19h07.44.775889 +0530
0.1,400,unexp,368,8,30,space,0.0151546,None,100,1,[1.6730029999744147],[1.6730119999847375],30,8,368,0,2182.644873,,2182.630077,2182.644873,2183.645419,2183.645419,2183.645419,2183.662995,space,0.0151546,None,2183.665048,0.1154637,0.4154804,2184.091002,2184.091815,2184.123329,2184.123329,2184.123329,2185.796676,100,1,[1.6730029999744147],[1.6730119999847375],1,1,2025-10-21_19h07.32.983,intentional_binding_exp,,2025.1.1,60.24956575,2025-10-21 19h07.44.775889 +0530
0.4,1000,exp,369,9,30,space,0.0674501,None,300,1,[2.197314000019105],[2.197320600011153],30,9,369,4,2185.811535,,2185.796953,2185.811535,2186.811843,2186.811843,2186.811843,2186.896883,space,0.0674501,None,2186.899313,0.4147375,0.7149033,2187.631373,2187.632247,2187.664315,2187.664315,2187.664315,2189.861912,300,1,[2.197314000019105],[2.197320600011153],1,1,2025-10-21_19h07.32.983,intentional_binding_exp,,2025.1.1,60.24956575,2025-10-21 19h07.44.775889 +0530
0.4,1000,exp,370,10,30,space,0.1174197,None,300,1,[1.1879906000103801],[1.1879973000031896],30,10,370,7,2189.877597,,2189.862152,2189.877597,2190.861471,2190.861471,2190.878047,2190.996229,space,0.1174197,None,2190.998466,0.4151755,0.7146312,2191.71949,2191.720054,2191.740398,2191.740398,2191.740398,2192.928701,300,1,[1.1879906000103801],[1.1879973000031896],1,1,2025-10-21_19h07.32.983,intentional_binding_exp,,2025.1.1,60.24956575,2025-10-21 19h07.44.775889 +0530
0.7,400,unexp,371,11,30,space,0.7569699,None,400,1,[1.270479200000409],[1.2704902999976184],30,11,371,2,2192.944211,,2192.928901,2192.944211,2193.944253,2193.944253,2193.944253,2194.711875,space,0.7569699,None,2194.713586,0.6990806,0.9991026,2195.722474,2195.723465,2195.758222,2195.758222,2195.758222,2197.029133,400,1,[1.270479200000409],[1.2704902999976184],1,1,2025-10-21_19h07.32.983,intentional_binding_exp,,2025.1.1,60.24956575,2025-10-21 19h07.44.775889 +0530
0.4,400,unexp,372,0,31,space,0.2374174,None,400,1,[2.3854503000038676],[2.385456400021212],31,0,372,1,2197.044005,,2197.02935,2197.044005,2198.044007,2198.044007,2198.044007,2198.295031,space,0.2374174,None,2198.298004,0.3990049,0.6989363,2199.009656,2199.010578,2199.041953,2199.041953,2199.041953,2201.427678,400,1,[2.3854503000038676],[2.385456400021212],1,1,2025-10-21_19h07.32.983,intentional_binding_exp,,2025.1.1,60.24956575,2025-10-21 19h07.44.775889 +0530
0.1,1000,exp,373,1,31,space,0.1643614,None,200,1,[1.3165627999987919],[1.316568999987794],31,1,373,3,2201.443367,,2201.427902,2201.443367,2202.44358,2202.44358,2202.44358,2202.611254,space,0.1643614,None,2202.61293,0.1157667,0.4159971,2203.042475,2203.043356,2203.077461,2203.077461,2203.077461,2204.394427,200,1,[1.3165627999987919],[1.316568999987794],1,1,2025-10-21_19h07.32.983,intentional_binding_exp,,2025.1.1,60.24956575,2025-10-21 19h07.44.775889 +0530
0.1,1000,exp,374,2,31,space,0.2473091,None,100,1,[1.3134925000194926],[1.313500100019155],31,2,374,9,2204.409824,,2204.394647,2204.409824,2205.409718,2205.409718,2205.409718,2205.660503,space,0.2473091,None,2205.661944,0.099126,0.3990839,2206.071047,2206.071801,2206.100473,2206.100473,2206.100473,2207.414287,100,1,[1.3134925000194926],[1.313500100019155],1,1,2025-10-21_19h07.32.983,intentional_binding_exp,,2025.1.1,60.24956575,2025-10-21 19h07.44.775889 +0530
0.7,1000,exp,375,3,31,space,0.1183009,None,200,1,[1.3692070999823045],[1.3692143999796826],31,3,375,11,2207.42624,,2207.414534,2207.42624,2208.426048,2208.426048,2208.426048,2208.559935,space,0.1183009,None,2208.561079,0.699117,0.999374,2209.568352,2209.568985,2209.591991,2209.591991,2209.591991,2210.96148,200,1,[1.3692070999823045],[1.3692143999796826],1,1,2025-10-21_19h07.32.983,intentional_binding_exp,,2025.1.1,60.24956575,2025-10-21 19h07.44.775889 +0530
0.4,1000,exp,376,4,31,space,0.4445332,None,300,1,[1.5505422999849543],[1.550552600005176],31,4,376,7,2210.975544,,2210.961753,2210.975544,2211.975586,2211.975586,2211.975586,2212.426439,space,0.4445332,None,2212.427746,0.3997982,0.698834,2213.137672,2213.138153,2213.158972,2213.158972,2213.158972,2214.709917,300,1,[1.5505422999849543],[1.550552600005176],1,1,2025-10-21_19h07.32.983,intentional_binding_exp,,2025.1.1,60.24956575,2025-10-21 19h07.44.775889 +0530
0.7,400,unexp,377,5,31,space,0.2521574,None,500,1,[3.1368391000141855],[3.13685589999659],31,5,377,2,2214.725334,,2214.710226,2214.725334,2215.725278,2215.725278,2215.725278,2215.97882,space,0.2521574,None,2215.980856,0.7135509,1.0134238,2217.011786,2217.012775,2217.039669,2217.039669,2217.039669,2220.177021,500,1,[3.1368391000141855],[3.13685589999659],1,1,2025-10-21_19h07.32.983,intentional_binding_exp,,2025.1.1,60.24956575,2025-10-21 19h07.44.775889 +0530
0.7,1000,exp,378,6,31,space,0.2450705,None,300,1,[4.081921200006036],[4.081927599996561],31,6,378,5,2220.191307,,2220.177351,2220.191307,2221.191832,2221.191832,2221.191832,2221.442576,space,0.2450705,None,2221.444274,0.7151663,1.0151261,2222.478316,2222.479309,2222.509743,2222.509743,2222.509743,2226.592068,300,1,[4.081921200006036],[4.081927599996561],1,1,2025-10-21_19h07.32.983,intentional_binding_exp,,2025.1.1,60.24956575,2025-10-21 19h07.44.775889 +0530
0.1,400,unexp,379,7,31,space,0.2564784,None,200,1,[1.550758199999109],[1.5507644999888726],31,7,379,0,2226.607606,,2226.592259,2226.607606,2227.607192,2227.607192,2227.607192,2227.874461,space,0.2564784,None,2227.875404,0.0997088,0.3994935,2228.291049,2228.29147,2228.307257,2228.307257,2228.307257,2229.858336,200,1,[1.550758199999109],[1.5507644999888726],1,1,2025-10-21_19h07.32.983,intentional_binding_exp,,2025.1.1,60.24956575,2025-10-21 19h07.44.775889 +0530
0.7,1000,exp,380,8,31,space,0.1050266,None,300,1,[1.3206851000140887],[1.3206919000076596],31,8,380,8,2229.873854,,2229.858595,2229.873854,2230.873653,2230.873653,2230.873653,2230.991084,space,0.1050266,None,2230.992163,0.6994118,0.9993604,2232.000463,2232.001345,2232.037194,2232.037194,2232.037194,2233.35824,300,1,[1.3206851000140887],[1.3206919000076596],1,1,2025-10-21_19h07.32.983,intentional_binding_exp,,2025.1.1,60.24956575,2025-10-21 19h07.44.775889 +0530
0.1,1000,exp,381,9,31,space,0.2252623,None,100,1,[1.2777126000146382],[1.2777419000049122],31,9,381,6,2233.374035,,2233.358444,2233.374035,2234.373853,2234.373853,2234.373853,2234.608161,space,0.2252623,None,2234.609935,0.0990178,0.3989913,2235.019363,2235.020269,2235.056462,2235.056462,2235.056462,2236.335175,100,1,[1.2777126000146382],[1.2777419000049122],1,1,2025-10-21_19h07.32.983,intentional_binding_exp,,2025.1.1,60.24956575,2025-10-21 19h07.44.775889 +0530
0.4,1000,exp,382,10,31,space,0.1553052,None,200,1,[1.0257056999835186],[1.0257129999808967],31,10,382,10,2236.340886,,2236.336566,2236.340886,2237.340137,2237.340137,2237.340137,2237.507979,space,0.1553052,None,2237.510165,0.3990209,0.6988629,2238.220785,2238.221779,2238.248888,2238.248888,2238.248888,2239.274919,200,1,[1.0257056999835186],[1.0257129999808967],1,1,2025-10-21_19h07.32.983,intentional_binding_exp,,2025.1.1,60.24956575,2025-10-21 19h07.44.775889 +0530
0.4,1000,exp,383,11,31,space,0.2343479,None,200,1,[1.140563299995847],[1.1405762000067625],31,11,383,4,2239.289687,,2239.275239,2239.289687,2240.289403,2240.289403,2240.289403,2240.539878,space,0.2343479,None,2240.540981,0.3995579,0.69935,2241.247222,2241.247832,2241.268383,2241.268383,2241.268383,2242.409424,200,1,[1.140563299995847],[1.1405762000067625],1,1,2025-10-21_19h07.32.983,intentional_binding_exp,,2025.1.1,60.24956575,2025-10-21 19h07.44.775889 +0530
0.7,1000,exp,384,0,32,space,0.3772997,None,400,1,[0.8966391000139993],[0.8966560999979265],32,0,384,11,2242.422905,,2242.40981,2242.422905,2243.422397,2243.422397,2243.422397,2243.808076,space,0.3772997,None,2243.810312,0.7140971,1.0142773,2244.839342,2244.839959,2244.862896,2244.862896,2244.862896,2245.760192,400,1,[0.8966391000139993],[0.8966560999979265],1,1,2025-10-21_19h07.32.983,intentional_binding_exp,,2025.1.1,60.24956575,2025-10-21 19h07.44.775889 +0530
0.7,1000,exp,385,1,32,space,0.2162368,None,300,1,[0.6502648000023328],[0.6502720999997109],32,1,385,8,2245.772424,,2245.760702,2245.772424,2246.772007,2246.772007,2246.772007,2246.989071,space,0.2162368,None,2246.9901,0.6995914,0.9994882,2247.999061,2247.999716,2248.02296,2248.02296,2248.02296,2248.67349,300,1,[0.6502648000023328],[0.6502720999997109],1,1,2025-10-21_19h07.32.983,intentional_binding_exp,,2025.1.1,60.24956575,2025-10-21 19h07.44.775889 +0530
0.4,1000,exp,386,2,32,space,0.2282756,None,100,1,[0.8545600000070408],[0.8545658999937586],32,2,386,10,2248.688683,,2248.673695,2248.688683,2249.688592,2249.688592,2249.688592,2249.92286,space,0.2282756,None,2249.924411,0.3991904,0.6992611,2250.638562,2250.639459,2250.667977,2250.667977,2250.667977,2251.522858,100,1,[0.8545600000070408],[0.8545658999937586],1,1,2025-10-21_19h07.32.983,intentional_binding_exp,,2025.1.1,60.24956575,2025-10-21 19h07.44.775889 +0530
0.4,1000,exp,387,3,32,space,0.1658665,None,300,1,[1.0024903999874368],[1.0024979999870993],32,3,387,7,2251.538449,,2251.523038,2251.538449,2252.522001,2252.522001,2252.538372,2252.690155,space,0.1658665,None,2252.69278,0.4150017,0.7150151,2253.419101,2253.42019,2253.455089,2253.455089,2253.455089,2254.457873,300,1,[1.0024903999874368],[1.0024979999870993],1,1,2025-10-21_19h07.32.983,intentional_binding_exp,,2025.1.1,60.24956575,2025-10-21 19h07.44.775889 +0530
0.7,400,unexp,388,4,32,space,0.0959323,None,500,1,[2.049825599999167],[2.0498324999934994],32,4,388,2,2254.471332,,2254.458068,2254.471332,2255.471227,2255.471227,2255.471227,2255.572219,space,0.0959323,None,2255.573674,0.6992396,0.9992294,2256.58858,2256.589495,2256.622811,2256.622811,2256.622811,2258.672988,500,1,[2.049825599999167],[2.0498324999934994],1,1,2025-10-21_19h07.32.983,intentional_binding_exp,,2025.1.1,60.24956575,2025-10-21 19h07.44.775889 +0530
0.7,1000,exp,389,5,32,space,0.1066143,None,500,1,[1.6373470999824349],[1.637359699991066],32,5,389,5,2258.687595,,2258.673193,2258.687595,2259.68732,2259.68732,2259.68732,2259.805852,space,0.1066143,None,2259.808533,0.7151157,1.0151809,2260.840677,2260.841593,2260.867943,2260.867943,2260.867943,2262.505735,500,1,[1.6373470999824349],[1.637359699991066],1,1,2025-10-21_19h07.32.983,intentional_binding_exp,,2025.1.1,60.24956575,2025-10-21 19h07.44.775889 +0530
0.1,400,unexp,390,6,32,space,0.238507,None,100,1,[1.7504458000184968],[1.7504587000003085],32,6,390,0,2262.520667,,2262.506106,2262.520667,2263.520261,2263.520261,2263.520261,2263.770986,space,0.238507,None,2263.771571,0.0992989,0.3995811,2264.188303,2264.188807,2264.209872,2264.209872,2264.209872,2265.960857,100,1,[1.7504458000184968],[1.7504587000003085],1,1,2025-10-21_19h07.32.983,intentional_binding_exp,,2025.1.1,60.24956575,2025-10-21 19h07.44.775889 +0530
0.1,1000,exp,391,7,32,space,0.4091866,None,200,1,[1.4638235000020359],[1.4638293999887537],32,7,391,3,2265.970307,,2265.961186,2265.970307,2266.970156,2266.970156,2266.970156,2267.387562,space,0.4091866,None,2267.388822,0.0990536,0.3990534,2267.800652,2267.801416,2267.823875,2267.823875,2267.823875,2269.287956,200,1,[1.4638235000020359],[1.4638293999887537],1,1,2025-10-21_19h07.32.983,intentional_binding_exp,,2025.1.1,60.24956575,2025-10-21 19h07.44.775889 +0530
0.4,400,unexp,392,8,32,space,0.247984,None,300,1,[4.4458878000150435],[4.445894000004046],32,8,392,1,2269.303561,,2269.288178,2269.303561,2270.30339,2270.30339,2270.30339,2270.554448,space,0.247984,None,2270.556156,0.4154693,0.7151505,2271.28035,2271.28109,2271.307567,2271.307567,2271.307567,2275.753761,300,1,[4.4458878000150435],[4.445894000004046],1,1,2025-10-21_19h07.32.983,intentional_binding_exp,,2025.1.1,60.24956575,2025-10-21 19h07.44.775889 +0530
0.1,1000,exp,393,9,32,space,0.2175958,None,400,1,[1.5421185999875888],[1.5421356000006199],32,9,393,9,2275.76927,,2275.753966,2275.76927,2276.769071,2276.769071,2276.769071,2277.002888,space,0.2175958,None,2277.00348,0.0995666,0.3994069,2277.418909,2277.419265,2277.431421,2277.431421,2277.431421,2278.974188,400,1,[1.5421185999875888],[1.5421356000006199],1,1,2025-10-21_19h07.32.983,intentional_binding_exp,,2025.1.1,60.24956575,2025-10-21 19h07.44.775889 +0530
0.1,1000,exp,394,10,32,space,0.1320977,None,200,1,[1.779067399998894],[1.7790734999871347],32,10,394,6,2278.985415,,2278.974765,2278.985415,2279.985395,2279.985395,2279.985395,2280.119056,space,0.1320977,None,2280.119646,0.0996701,0.399589,2280.538654,2280.539024,2280.573701,2280.573701,2280.573701,2282.35307,200,1,[1.779067399998894],[1.7790734999871347],1,1,2025-10-21_19h07.32.983,intentional_binding_exp,,2025.1.1,60.24956575,2025-10-21 19h07.44.775889 +0530
0.4,1000,exp,395,11,32,space,0.1377057,None,300,1,[2.0144671000016388],[2.014473299990641],32,11,395,4,2282.368549,,2282.353263,2282.368549,2283.351984,2283.351984,2283.368664,2283.503082,space,0.1377057,None,2283.504965,0.3990653,0.6989688,2284.218772,2284.219675,2284.254631,2284.254631,2284.254631,2286.269422,300,1,[2.0144671000016388],[2.014473299990641],1,1,2025-10-21_19h07.32.983,intentional_binding_exp,,2025.1.1,60.24956575,2025-10-21 19h07.44.775889 +0530
0.4,1000,exp,396,0,33,space,0.1681918,None,400,1,[1.3400582000031136],[1.340065099997446],33,0,396,10,2286.284773,,2286.269638,2286.284773,2287.285131,2287.285131,2287.285131,2287.469079,space,0.1681918,None,2287.471495,0.4156032,0.7154664,2288.199623,2288.199983,2288.21253,2288.21253,2288.21253,2289.552872,400,1,[1.3400582000031136],[1.340065099997446],1,1,2025-10-21_19h07.32.983,intentional_binding_exp,,2025.1.1,60.24956575,2025-10-21 19h07.44.775889 +0530
0.1,400,unexp,397,1,33,space,0.209503,None,200,1,[1.228447800007416],[1.2284550000040326],33,1,397,0,2289.567699,,2289.553076,2289.567699,2290.568199,2290.568199,2290.568199,2290.785021,space,0.209503,None,2290.786801,0.0992707,0.3991593,2291.201796,2291.202396,2291.223615,2291.223615,2291.223615,2292.452328,200,1,[1.228447800007416],[1.2284550000040326],1,1,2025-10-21_19h07.32.983,intentional_binding_exp,,2025.1.1,60.24956575,2025-10-21 19h07.44.775889 +0530
0.7,1000,exp,398,2,33,space,0.1681011,None,400,1,[2.0143870000028983],[2.01439360002405],33,2,398,5,2292.467339,,2292.452531,2292.467339,2293.467862,2293.467862,2293.467862,2293.651058,space,0.1681011,None,2293.651644,0.6994535,0.9993659,2294.668541,2294.668873,2294.703337,2294.703337,2294.703337,2296.71799,400,1,[2.0143870000028983],[2.01439360002405],1,1,2025-10-21_19h07.32.983,intentional_binding_exp,,2025.1.1,60.24956575,2025-10-21 19h07.44.775889 +0530
0.1,1000,exp,399,3,33,space,0.2875853,None,300,1,[1.503304100013338],[1.5033105000038631],33,3,399,6,2296.733505,,2296.718209,2296.733505,2297.733455,2297.733455,2297.733455,2298.033699,space,0.2875853,None,2298.034287,0.0999583,0.3998147,2298.450688,2298.451021,2298.464038,2298.464038,2298.464038,2299.967609,300,1,[1.503304100013338],[1.5033105000038631],1,1,2025-10-21_19h07.32.983,intentional_binding_exp,,2025.1.1,60.24956575,2025-10-21 19h07.44.775889 +0530
0.1,1000,exp,400,4,33,space,0.3624338,None,200,1,[1.4725944999954663],[1.4726000999798998],33,4,400,9,2299.983688,,2299.96786,2299.983688,2300.983543,2300.983543,2300.983543,2301.350814,space,0.3624338,None,2301.352068,0.0992775,0.3993453,2301.769421,2301.770107,2301.794794,2301.794794,2301.794794,2303.267675,200,1,[1.4725944999954663],[1.4726000999798998],1,1,2025-10-21_19h07.32.983,intentional_binding_exp,,2025.1.1,60.24956575,2025-10-21 19h07.44.775889 +0530
0.4,1000,exp,401,5,33,space,0.185506,None,200,1,[1.461389700009022],[1.461403200024506],33,5,401,4,2303.283292,,2303.26786,2303.283292,2304.282939,2304.282939,2304.282939,2304.483984,space,0.185506,None,2304.484444,0.4156267,0.7159576,2305.209419,2305.210341,2305.238923,2305.238923,2305.238923,2306.700797,200,1,[1.461389700009022],[1.461403200024506],1,1,2025-10-21_19h07.32.983,intentional_binding_exp,,2025.1.1,60.24956575,2025-10-21 19h07.44.775889 +0530
0.7,1000,exp,402,6,33,space,0.2421181,None,200,1,[0.9214242000016384],[0.9214338000165299],33,6,402,11,2306.716157,,2306.701176,2306.716157,2307.716483,2307.716483,2307.716483,2307.966828,space,0.2421181,None,2307.967894,0.7158721,1.0156469,2308.998667,2308.999001,2309.011748,2309.011748,2309.011748,2309.933552,200,1,[0.9214242000016384],[0.9214338000165299],1,1,2025-10-21_19h07.32.983,intentional_binding_exp,,2025.1.1,60.24956575,2025-10-21 19h07.44.775889 +0530
0.4,1000,exp,403,7,33,space,0.3016177,None,200,1,[1.191508000018075],[1.1915138000040315],33,7,403,7,2309.949154,,2309.933871,2309.949154,2310.932855,2310.932855,2310.949355,2311.2502,space,0.3016177,None,2311.251941,0.3990627,0.6989438,2311.959922,2311.960965,2311.991703,2311.991703,2311.991703,2313.183475,200,1,[1.191508000018075],[1.1915138000040315],1,1,2025-10-21_19h07.32.983,intentional_binding_exp,,2025.1.1,60.24956575,2025-10-21 19h07.44.775889 +0530
0.4,400,unexp,404,8,33,space,0.3281977,None,300,1,[1.8847470000036992],[1.8847590000077616],33,8,404,1,2313.199011,,2313.183699,2313.199011,2314.199117,2314.199117,2314.199117,2314.532625,space,0.3281977,None,2314.533691,0.3992206,0.6996303,2315.249992,2315.250859,2315.283567,2315.283567,2315.283567,2317.168745,300,1,[1.8847470000036992],[1.8847590000077616],1,1,2025-10-21_19h07.32.983,intentional_binding_exp,,2025.1.1,60.24956575,2025-10-21 19h07.44.775889 +0530
0.1,1000,exp,405,9,33,space,0.0665803,None,`00,1,[1.2813846999779344],[1.2813916000013705],33,9,405,3,2317.18147,,2317.169091,2317.18147,2318.181966,2318.181966,2318.181966,2318.267802,space,0.0665803,None,2318.269565,0.1141346,0.4141108,2318.701555,2318.702486,2318.734005,2318.734005,2318.734005,2320.015663,`00,1,[1.2813846999779344],[1.2813916000013705],1,1,2025-10-21_19h07.32.983,intentional_binding_exp,,2025.1.1,60.24956575,2025-10-21 19h07.44.775889 +0530
0.7,1000,exp,406,10,33,space,0.6625619,None,300,1,[1.9227549000061117],[1.9227699000039138],33,10,406,8,2320.031582,,2320.015923,2320.031582,2321.031134,2321.031134,2321.031134,2321.698237,space,0.6625619,None,2321.699025,0.6994744,0.9994129,2322.707664,2322.708388,2322.725725,2322.725725,2322.725725,2324.649062,300,1,[1.9227549000061117],[1.9227699000039138],1,1,2025-10-21_19h07.32.983,intentional_binding_exp,,2025.1.1,60.24956575,2025-10-21 19h07.44.775889 +0530
0.7,400,unexp,407,11,33,space,0.2646191,None,400,1,[0.9707023999944795],[0.9707110000017565],33,11,407,2,2324.664584,,2324.649487,2324.664584,2325.664778,2325.664778,2325.664778,2325.932147,space,0.2646191,None,2325.933801,0.7155998,1.0157552,2326.959545,2326.960419,2326.993993,2326.993993,2326.993993,2327.965163,400,1,[0.9707023999944795],[0.9707110000017565],1,1,2025-10-21_19h07.32.983,intentional_binding_exp,,2025.1.1,60.24956575,2025-10-21 19h07.44.775889 +0530
