Participant,mean RT ( C),mean RT (I)
1,0.608582159,0.620984603
2,0.485181681,0.648528753
3,0.606856497,0.610757963
,,
group mean,0.566873446,0.626757106
st_dev,0.057769097,0.015950956
stroop ef,0.059883661,
T test ,0.367025455,
